student_id,question_id,topic,is_correct
1,Q2719,Inorganic,False
1,Q2607,Mechanics,False
1,Q2766,Waves & Optics,True
1,Q2546,Algebra,False
1,Q3064,Reading Comprehension,True
1,Q3144,Reading Comprehension,False
1,Q3635,Grammar,False
1,Q3080,Reading Comprehension,True
1,Q3105,Reading Comprehension,False
1,Q2623,Waves & Optics,True
1,Q2893,Electricity & Magnetism,True
1,Q2943,Inorganic,False
1,Q3374,Vocabulary,True
1,Q3418,Vocabulary,True
1,Q2098,Trigonometry,False
1,Q2608,Inorganic,False
1,Q3004,Inorganic,False
1,Q3682,Reading Comprehension,True
2,Q3204,Reading Comprehension,False
2,Q3475,Vocabulary,False
2,Q3476,Vocabulary,False
2,Q2508,Algebra,False
2,Q3006,Inorganic,False
2,Q3358,Vocabulary,False
2,Q2197,Algebra,True
2,Q2798,Inorganic,True
2,Q2612,Mechanics,True
2,Q2954,Mechanics,True
2,Q3376,Vocabulary,False
2,Q3154,Reading Comprehension,False
2,Q2157,Algebra,True
2,Q3265,Reading Comprehension,False
2,Q3482,Vocabulary,False
2,Q3108,Reading Comprehension,True
2,Q2611,Physical Chemistry,False
2,Q3233,Reading Comprehension,False
2,Q2580,Algebra,True
2,Q3014,Mechanics,False
2,Q2387,Statistics,False
2,Q3163,Reading Comprehension,True
2,Q3215,Reading Comprehension,True
2,Q2344,Algebra,True
2,Q3374,Vocabulary,False
3,Q3711,Organic,True
3,Q2840,Physical Chemistry,False
3,Q2175,Algebra,True
3,Q2710,Inorganic,True
3,Q3420,Vocabulary,False
3,Q2843,Electricity & Magnetism,True
3,Q2073,Algebra,True
3,Q3213,Reading Comprehension,False
3,Q2303,Algebra,True
3,Q2689,Mechanics,False
3,Q3116,Reading Comprehension,False
3,Q3333,Vocabulary,False
3,Q3306,Vocabulary,True
3,Q2597,Mechanics,False
3,Q2791,Inorganic,True
3,Q2389,Algebra,False
3,Q3262,Reading Comprehension,False
3,Q3659,Algebra,True
3,Q2709,Inorganic,True
4,Q2898,Waves & Optics,False
4,Q2955,Inorganic,True
4,Q2132,Algebra,False
4,Q2958,Electricity & Magnetism,False
4,Q3126,Reading Comprehension,True
4,Q2659,Inorganic,True
4,Q2611,Physical Chemistry,False
4,Q3694,Mechanics,False
4,Q3679,Grammar,False
4,Q2372,Algebra,True
4,Q2923,Waves & Optics,False
4,Q3559,Vocabulary,False
4,Q2559,Algebra,True
4,Q3035,Inorganic,True
4,Q2770,Inorganic,True
4,Q2794,Mechanics,False
4,Q2630,Inorganic,False
4,Q2527,Algebra,True
4,Q2690,Inorganic,False
4,Q2888,Mechanics,True
4,Q3158,Reading Comprehension,False
4,Q2878,Mechanics,True
4,Q3352,Vocabulary,True
4,Q2508,Algebra,True
4,Q3110,Reading Comprehension,True
4,Q3370,Vocabulary,True
5,Q2615,Electricity & Magnetism,True
5,Q3264,Reading Comprehension,True
5,Q2748,Electricity & Magnetism,False
5,Q2977,Waves & Optics,False
5,Q2344,Algebra,False
5,Q3657,Algebra,False
5,Q2421,Algebra,False
5,Q2051,Algebra,True
5,Q2086,Algebra,False
5,Q3128,Reading Comprehension,True
5,Q2492,Algebra,False
5,Q3290,Reading Comprehension,True
5,Q3417,Vocabulary,True
5,Q2673,Inorganic,False
5,Q2772,Inorganic,False
5,Q2737,Inorganic,False
6,Q2811,Inorganic,True
6,Q2726,Mechanics,False
6,Q2630,Inorganic,False
6,Q3419,Vocabulary,True
6,Q2482,Algebra,True
6,Q2999,Inorganic,True
6,Q2242,Algebra,True
6,Q3515,Vocabulary,True
6,Q2093,Statistics,True
6,Q2477,Statistics,True
6,Q2307,Algebra,False
6,Q2400,Algebra,True
6,Q2588,Algebra,True
6,Q3469,Grammar,True
6,Q2059,Statistics,True
6,Q2336,Algebra,False
6,Q3117,Reading Comprehension,True
6,Q2722,Waves & Optics,False
6,Q2683,Inorganic,True
6,Q3700,Electricity & Magnetism,True
6,Q3092,Reading Comprehension,False
6,Q3049,Mechanics,False
6,Q2739,Inorganic,True
7,Q2308,Geometry,False
7,Q2571,Algebra,False
7,Q2649,Inorganic,True
7,Q2702,Physical Chemistry,True
7,Q3381,Grammar,False
7,Q3256,Reading Comprehension,False
7,Q2816,Inorganic,False
7,Q2506,Algebra,False
7,Q2918,Waves & Optics,True
7,Q3648,Vocabulary,False
7,Q2514,Statistics,True
7,Q3534,Vocabulary,False
7,Q3649,Vocabulary,True
7,Q2504,Algebra,True
7,Q3595,Vocabulary,False
7,Q2705,Electricity & Magnetism,True
7,Q2370,Algebra,False
7,Q2229,Statistics,False
7,Q2410,Statistics,False
7,Q3283,Reading Comprehension,False
7,Q3666,Trigonometry,True
7,Q3500,Vocabulary,False
7,Q2758,Inorganic,False
7,Q2866,Inorganic,False
7,Q2565,Statistics,False
7,Q2669,Inorganic,False
7,Q2071,Statistics,True
8,Q2877,Mechanics,True
8,Q2862,Mechanics,True
8,Q3648,Vocabulary,True
8,Q2857,Mechanics,True
8,Q2409,Algebra,False
8,Q2540,Algebra,False
8,Q2337,Geometry,False
8,Q2264,Algebra,False
8,Q3657,Algebra,False
8,Q2141,Algebra,False
8,Q2429,Algebra,False
8,Q3064,Reading Comprehension,True
8,Q3264,Reading Comprehension,True
8,Q3115,Reading Comprehension,True
8,Q3024,Inorganic,True
8,Q2308,Geometry,False
8,Q2181,Algebra,True
8,Q2413,Algebra,True
8,Q2917,Inorganic,False
8,Q3209,Reading Comprehension,True
9,Q3454,Vocabulary,True
9,Q2570,Algebra,False
9,Q3279,Reading Comprehension,False
9,Q3532,Vocabulary,True
9,Q2504,Algebra,True
9,Q2768,Inorganic,False
9,Q2098,Trigonometry,True
9,Q3556,Vocabulary,True
9,Q3553,Vocabulary,True
9,Q2777,Inorganic,True
9,Q2449,Algebra,True
9,Q2833,Inorganic,False
9,Q2621,Mechanics,False
9,Q2122,Algebra,False
9,Q2989,Mechanics,False
9,Q2313,Algebra,True
9,Q2404,Algebra,False
9,Q3408,Vocabulary,True
9,Q3065,Reading Comprehension,False
9,Q2756,Mechanics,False
10,Q3319,Vocabulary,False
10,Q3630,Vocabulary,False
10,Q3249,Reading Comprehension,True
10,Q2890,Inorganic,False
10,Q2906,Inorganic,False
10,Q3418,Vocabulary,False
10,Q2212,Statistics,True
10,Q2344,Algebra,True
10,Q2949,Waves & Optics,True
10,Q2984,Mechanics,False
10,Q3324,Vocabulary,False
10,Q2951,Electricity & Magnetism,False
10,Q2454,Algebra,True
10,Q2591,Algebra,True
10,Q3441,Vocabulary,False
10,Q2843,Electricity & Magnetism,False
10,Q2318,Geometry,True
10,Q2123,Algebra,True
10,Q2697,Mechanics,False
10,Q3624,Vocabulary,True
11,Q2915,Mechanics,True
11,Q3213,Reading Comprehension,True
11,Q2326,Algebra,True
11,Q2910,Inorganic,False
11,Q2042,Statistics,False
11,Q3011,Mechanics,False
11,Q2899,Inorganic,False
11,Q2002,Algebra,True
11,Q2535,Algebra,True
11,Q2926,Electricity & Magnetism,True
11,Q2563,Algebra,True
11,Q2352,Algebra,False
11,Q3693,Writing,False
11,Q2246,Algebra,True
11,Q3636,Grammar,True
12,Q3083,Reading Comprehension,False
12,Q2975,Mechanics,True
12,Q3058,Reading Comprehension,False
12,Q3579,Vocabulary,True
12,Q3024,Inorganic,True
12,Q3002,Mechanics,True
12,Q2426,Algebra,False
12,Q2329,Geometry,True
12,Q2245,Algebra,False
12,Q3467,Vocabulary,True
12,Q2101,Algebra,False
12,Q2537,Geometry,True
12,Q2400,Algebra,True
12,Q2823,Inorganic,False
12,Q2098,Trigonometry,False
12,Q2721,Inorganic,False
12,Q3160,Reading Comprehension,False
12,Q2788,Inorganic,False
12,Q2190,Algebra,True
12,Q3471,Vocabulary,False
12,Q2360,Algebra,False
12,Q3588,Grammar,False
12,Q3418,Vocabulary,True
12,Q2639,Mechanics,False
12,Q2251,Algebra,False
12,Q2846,Mechanics,False
13,Q2240,Algebra,False
13,Q3417,Vocabulary,False
13,Q2592,Statistics,False
13,Q2306,Algebra,False
13,Q2864,Mechanics,True
13,Q2619,Electricity & Magnetism,False
13,Q2484,Algebra,False
13,Q2103,Geometry,True
13,Q2819,Inorganic,True
13,Q3421,Vocabulary,False
13,Q2469,Algebra,False
13,Q2836,Mechanics,True
13,Q3351,Vocabulary,False
13,Q2144,Algebra,False
13,Q3661,Geometry,True
13,Q3710,Organic,False
13,Q3086,Reading Comprehension,False
13,Q2024,Statistics,True
13,Q2957,Inorganic,True
13,Q3646,Grammar,True
13,Q3093,Reading Comprehension,False
13,Q3675,Statistics,False
13,Q2473,Statistics,False
13,Q2267,Algebra,False
13,Q2228,Statistics,True
13,Q3077,Reading Comprehension,False
14,Q2594,Mechanics,True
14,Q2240,Algebra,False
14,Q3111,Reading Comprehension,True
14,Q2336,Algebra,False
14,Q3530,Vocabulary,True
14,Q2660,Inorganic,True
14,Q2397,Algebra,False
14,Q2795,Mechanics,False
14,Q3091,Reading Comprehension,True
14,Q2920,Inorganic,False
14,Q2943,Inorganic,False
14,Q2678,Waves & Optics,True
14,Q3222,Reading Comprehension,True
14,Q2280,Algebra,False
14,Q2184,Statistics,False
15,Q2843,Electricity & Magnetism,True
15,Q3670,Calculus,True
15,Q2010,Algebra,False
15,Q2042,Statistics,True
15,Q3238,Reading Comprehension,True
15,Q2952,Mechanics,True
15,Q3576,Vocabulary,False
15,Q2094,Algebra,True
15,Q3080,Reading Comprehension,True
15,Q2227,Algebra,False
15,Q2919,Inorganic,True
15,Q2642,Mechanics,False
15,Q2756,Mechanics,True
15,Q3552,Vocabulary,False
15,Q2809,Mechanics,True
15,Q3422,Vocabulary,True
15,Q3304,Vocabulary,False
15,Q2939,Inorganic,False
15,Q3317,Vocabulary,False
15,Q3136,Reading Comprehension,False
15,Q2209,Algebra,False
15,Q3033,Inorganic,False
15,Q2710,Inorganic,True
15,Q2757,Inorganic,True
15,Q3447,Vocabulary,False
15,Q3652,Vocabulary,False
16,Q3047,Inorganic,True
16,Q3685,Reading Comprehension,False
16,Q2565,Statistics,False
16,Q2454,Algebra,True
16,Q2043,Algebra,False
16,Q2338,Algebra,True
16,Q3270,Reading Comprehension,True
16,Q2135,Algebra,True
16,Q3513,Vocabulary,True
16,Q2739,Inorganic,True
16,Q2106,Algebra,False
16,Q3192,Reading Comprehension,True
16,Q2403,Algebra,True
16,Q3578,Vocabulary,False
16,Q3682,Reading Comprehension,False
16,Q3193,Reading Comprehension,True
16,Q2998,Inorganic,True
16,Q3177,Reading Comprehension,True
16,Q2832,Inorganic,True
16,Q3448,Vocabulary,True
16,Q2257,Statistics,True
16,Q2979,Mechanics,True
17,Q2330,Geometry,True
17,Q2952,Mechanics,False
17,Q2556,Geometry,False
17,Q2058,Algebra,False
17,Q2463,Algebra,False
17,Q3334,Vocabulary,False
17,Q2108,Algebra,True
17,Q3234,Reading Comprehension,True
17,Q2371,Statistics,False
17,Q3292,Reading Comprehension,False
17,Q2051,Algebra,False
17,Q3147,Reading Comprehension,False
17,Q2384,Algebra,False
17,Q3145,Reading Comprehension,False
17,Q3301,Reading Comprehension,False
17,Q3320,Vocabulary,False
17,Q2908,Electricity & Magnetism,False
17,Q3150,Reading Comprehension,False
17,Q2115,Algebra,True
17,Q2654,Electricity & Magnetism,False
17,Q3104,Reading Comprehension,True
17,Q3537,Grammar,False
17,Q2685,Inorganic,False
17,Q2929,Electricity & Magnetism,False
17,Q3039,Inorganic,False
17,Q3665,Trigonometry,False
17,Q3187,Reading Comprehension,True
17,Q2407,Statistics,False
17,Q2968,Electricity & Magnetism,False
18,Q2652,Waves & Optics,False
18,Q2755,Inorganic,False
18,Q3314,Vocabulary,True
18,Q2043,Algebra,True
18,Q3143,Reading Comprehension,False
18,Q3295,Reading Comprehension,True
18,Q3207,Reading Comprehension,True
18,Q3304,Vocabulary,False
18,Q3707,Modern Physics,True
18,Q3525,Grammar,False
18,Q3386,Vocabulary,True
18,Q2682,Mechanics,False
18,Q2609,Physical Chemistry,False
18,Q2171,Algebra,True
18,Q2011,Geometry,False
18,Q2551,Statistics,True
18,Q3611,Vocabulary,True
18,Q3644,Vocabulary,True
18,Q3057,Reading Comprehension,True
18,Q3630,Vocabulary,False
18,Q2101,Algebra,True
18,Q3054,Inorganic,False
18,Q2496,Algebra,True
18,Q3023,Inorganic,False
18,Q3340,Vocabulary,True
19,Q3520,Vocabulary,True
19,Q3607,Vocabulary,True
19,Q2963,Mechanics,True
19,Q2649,Inorganic,True
19,Q3424,Vocabulary,True
19,Q2716,Modern Physics,True
19,Q3681,Grammar,False
19,Q2786,Waves & Optics,False
19,Q2887,Inorganic,True
19,Q2715,Inorganic,True
19,Q2983,Mechanics,True
19,Q2120,Algebra,False
19,Q2262,Algebra,False
19,Q2960,Mechanics,True
19,Q2467,Statistics,False
19,Q3433,Vocabulary,True
19,Q2759,Organic,True
19,Q3391,Vocabulary,True
19,Q2993,Waves & Optics,False
19,Q3609,Vocabulary,True
19,Q2572,Statistics,True
19,Q2709,Inorganic,False
19,Q3350,Vocabulary,True
19,Q3475,Vocabulary,True
20,Q2473,Statistics,True
20,Q2580,Algebra,True
20,Q3138,Reading Comprehension,True
20,Q2852,Physical Chemistry,False
20,Q3257,Reading Comprehension,True
20,Q3062,Reading Comprehension,True
20,Q2805,Inorganic,False
20,Q2459,Algebra,True
20,Q3415,Vocabulary,False
20,Q2175,Algebra,True
20,Q2882,Mechanics,True
20,Q3452,Vocabulary,False
20,Q2922,Inorganic,False
20,Q3619,Vocabulary,False
20,Q2316,Algebra,True
20,Q3083,Reading Comprehension,True
20,Q2270,Geometry,False
20,Q2943,Inorganic,False
20,Q3086,Reading Comprehension,True
20,Q2596,Mechanics,False
20,Q3167,Reading Comprehension,True
20,Q3165,Reading Comprehension,True
20,Q2326,Algebra,True
20,Q2673,Inorganic,False
20,Q3536,Vocabulary,False
20,Q3391,Vocabulary,False
20,Q2901,Waves & Optics,True
20,Q2500,Algebra,False
21,Q2275,Trigonometry,True
21,Q2551,Statistics,True
21,Q3421,Vocabulary,False
21,Q2188,Algebra,True
21,Q2826,Inorganic,False
21,Q2504,Algebra,True
21,Q2407,Statistics,False
21,Q3549,Vocabulary,False
21,Q2738,Inorganic,False
21,Q2012,Algebra,True
21,Q3610,Vocabulary,False
21,Q2671,Waves & Optics,False
21,Q2383,Algebra,False
21,Q3622,Vocabulary,False
21,Q3662,Geometry,False
21,Q3721,Physical Chemistry,True
21,Q2023,Algebra,True
21,Q2309,Algebra,True
21,Q3454,Vocabulary,False
21,Q2471,Algebra,False
21,Q2662,Inorganic,False
21,Q2715,Inorganic,False
21,Q3195,Reading Comprehension,True
21,Q2054,Algebra,False
21,Q2845,Inorganic,False
21,Q3505,Vocabulary,False
21,Q3345,Vocabulary,False
21,Q2954,Mechanics,False
21,Q3677,Grammar,True
22,Q2814,Inorganic,True
22,Q3176,Reading Comprehension,True
22,Q2718,Inorganic,False
22,Q3242,Reading Comprehension,True
22,Q3444,Vocabulary,False
22,Q3616,Vocabulary,False
22,Q2772,Inorganic,True
22,Q3470,Vocabulary,False
22,Q3454,Vocabulary,False
22,Q2919,Inorganic,True
22,Q3409,Vocabulary,False
22,Q2400,Algebra,True
22,Q2611,Physical Chemistry,False
22,Q3291,Reading Comprehension,True
22,Q3037,Electricity & Magnetism,True
22,Q2169,Algebra,True
23,Q3274,Reading Comprehension,False
23,Q3046,Inorganic,True
23,Q3043,Inorganic,False
23,Q3440,Vocabulary,False
23,Q2206,Algebra,True
23,Q3603,Vocabulary,False
23,Q3636,Grammar,False
23,Q2025,Geometry,False
23,Q2497,Algebra,True
23,Q2944,Mechanics,True
23,Q3308,Vocabulary,True
23,Q3041,Electricity & Magnetism,True
23,Q3340,Vocabulary,False
23,Q2736,Mechanics,False
23,Q2046,Algebra,True
23,Q3261,Reading Comprehension,False
24,Q3570,Vocabulary,False
24,Q3515,Vocabulary,False
24,Q3105,Reading Comprehension,True
24,Q2449,Algebra,False
24,Q3533,Vocabulary,False
24,Q3583,Vocabulary,False
24,Q3088,Reading Comprehension,True
24,Q2602,Mechanics,False
24,Q2961,Mechanics,False
24,Q2835,Inorganic,False
24,Q2744,Inorganic,True
24,Q3646,Grammar,False
24,Q2955,Inorganic,True
24,Q3093,Reading Comprehension,True
24,Q3537,Grammar,False
24,Q2259,Algebra,False
24,Q2637,Inorganic,False
24,Q3625,Grammar,True
24,Q3246,Reading Comprehension,True
25,Q2100,Statistics,False
25,Q2794,Mechanics,True
25,Q3153,Reading Comprehension,True
25,Q2421,Algebra,True
25,Q2297,Algebra,False
25,Q3137,Reading Comprehension,True
25,Q3582,Vocabulary,True
25,Q2513,Geometry,False
25,Q3268,Reading Comprehension,False
25,Q2581,Algebra,True
25,Q3246,Reading Comprehension,True
25,Q2357,Statistics,False
25,Q2906,Inorganic,False
25,Q2069,Algebra,False
25,Q2116,Algebra,False
26,Q2662,Inorganic,True
26,Q2943,Inorganic,True
26,Q2905,Inorganic,True
26,Q2946,Electricity & Magnetism,False
26,Q3688,Vocabulary,True
26,Q3152,Reading Comprehension,True
26,Q2361,Statistics,False
26,Q2342,Algebra,True
26,Q2069,Algebra,False
26,Q2017,Statistics,True
26,Q2679,Mechanics,False
26,Q3535,Vocabulary,True
26,Q2272,Algebra,False
26,Q2212,Statistics,True
26,Q2447,Statistics,True
26,Q3181,Reading Comprehension,True
26,Q2696,Inorganic,False
26,Q3414,Vocabulary,True
26,Q2730,Mechanics,False
26,Q2050,Algebra,False
26,Q2262,Algebra,True
26,Q2944,Mechanics,True
27,Q3008,Waves & Optics,True
27,Q3248,Reading Comprehension,False
27,Q2229,Statistics,True
27,Q2944,Mechanics,True
27,Q2851,Physical Chemistry,True
27,Q2237,Algebra,True
27,Q2071,Statistics,True
27,Q3217,Reading Comprehension,True
27,Q2791,Inorganic,False
27,Q2618,Waves & Optics,False
27,Q3153,Reading Comprehension,False
27,Q3205,Reading Comprehension,False
27,Q3304,Vocabulary,True
27,Q3277,Reading Comprehension,False
27,Q2269,Algebra,True
27,Q2117,Algebra,True
27,Q2688,Inorganic,False
27,Q3427,Vocabulary,True
28,Q3387,Vocabulary,True
28,Q2342,Algebra,False
28,Q2663,Inorganic,False
28,Q2783,Inorganic,False
28,Q3257,Reading Comprehension,True
28,Q3716,Inorganic,False
28,Q3160,Reading Comprehension,False
28,Q2449,Algebra,False
28,Q3648,Vocabulary,True
28,Q2726,Mechanics,True
28,Q2256,Trigonometry,False
28,Q2610,Mechanics,False
28,Q3043,Inorganic,False
28,Q2903,Mechanics,True
28,Q3433,Vocabulary,True
28,Q2960,Mechanics,True
28,Q2070,Statistics,False
28,Q3101,Reading Comprehension,True
28,Q2655,Inorganic,False
28,Q2424,Algebra,True
28,Q2692,Mechanics,True
28,Q3359,Vocabulary,True
28,Q2189,Algebra,True
28,Q3442,Vocabulary,True
28,Q3468,Vocabulary,False
28,Q2932,Mechanics,True
28,Q2701,Inorganic,False
28,Q2229,Statistics,True
28,Q2034,Algebra,False
29,Q2678,Waves & Optics,False
29,Q3427,Vocabulary,True
29,Q2001,Algebra,True
29,Q3577,Vocabulary,True
29,Q3347,Vocabulary,False
29,Q2173,Algebra,True
29,Q3625,Grammar,True
29,Q3176,Reading Comprehension,False
29,Q2878,Mechanics,True
29,Q2414,Geometry,False
29,Q2665,Waves & Optics,False
29,Q2157,Algebra,True
29,Q2466,Statistics,False
29,Q3161,Reading Comprehension,True
29,Q3083,Reading Comprehension,True
29,Q3688,Vocabulary,False
29,Q2588,Algebra,True
29,Q2552,Statistics,False
29,Q2497,Algebra,True
29,Q2963,Mechanics,True
29,Q3085,Reading Comprehension,False
30,Q2711,Inorganic,True
30,Q3645,Vocabulary,True
30,Q2133,Algebra,False
30,Q2031,Statistics,False
30,Q2894,Mechanics,False
30,Q2509,Algebra,False
30,Q2494,Statistics,False
30,Q2470,Algebra,True
30,Q2122,Algebra,False
30,Q2353,Algebra,False
30,Q2991,Mechanics,False
30,Q3314,Vocabulary,True
30,Q3047,Inorganic,True
30,Q2382,Algebra,True
30,Q2706,Inorganic,True
30,Q3346,Vocabulary,True
30,Q2958,Electricity & Magnetism,False
30,Q2156,Algebra,False
30,Q2940,Mechanics,False
30,Q2792,Inorganic,True
30,Q2740,Inorganic,True
30,Q2518,Geometry,True
30,Q3002,Mechanics,True
30,Q3558,Vocabulary,False
31,Q2443,Algebra,True
31,Q2593,Statistics,False
31,Q3252,Reading Comprehension,False
31,Q3339,Vocabulary,True
31,Q3176,Reading Comprehension,False
31,Q2968,Electricity & Magnetism,True
31,Q3062,Reading Comprehension,False
31,Q2821,Inorganic,True
31,Q2396,Statistics,False
31,Q3189,Reading Comprehension,False
31,Q2301,Algebra,True
31,Q2036,Algebra,True
31,Q3216,Reading Comprehension,False
31,Q3303,Reading Comprehension,False
31,Q3508,Vocabulary,True
31,Q2791,Inorganic,True
31,Q2251,Algebra,True
31,Q3273,Reading Comprehension,False
32,Q2709,Inorganic,False
32,Q3607,Vocabulary,False
32,Q3024,Inorganic,True
32,Q2642,Mechanics,False
32,Q2619,Electricity & Magnetism,True
32,Q2373,Statistics,True
32,Q3546,Grammar,False
32,Q3163,Reading Comprehension,True
32,Q3073,Reading Comprehension,True
32,Q3615,Vocabulary,False
32,Q2882,Mechanics,True
32,Q3689,Vocabulary,False
32,Q2549,Statistics,True
32,Q3122,Reading Comprehension,True
32,Q2608,Inorganic,True
32,Q2920,Inorganic,False
32,Q3434,Vocabulary,False
32,Q2343,Algebra,False
32,Q2905,Inorganic,True
32,Q3437,Vocabulary,False
32,Q2067,Algebra,False
32,Q3423,Vocabulary,False
32,Q3262,Reading Comprehension,True
32,Q2432,Algebra,False
33,Q2783,Inorganic,True
33,Q3720,Physical Chemistry,False
33,Q2439,Algebra,False
33,Q3253,Reading Comprehension,False
33,Q3239,Reading Comprehension,False
33,Q2423,Algebra,True
33,Q3664,Geometry,True
33,Q3625,Grammar,False
33,Q2177,Algebra,False
33,Q3650,Vocabulary,True
33,Q2661,Electricity & Magnetism,True
33,Q2923,Waves & Optics,True
33,Q3130,Reading Comprehension,True
33,Q2286,Statistics,False
33,Q2260,Algebra,False
33,Q3060,Reading Comprehension,False
34,Q2726,Mechanics,False
34,Q3443,Vocabulary,False
34,Q3588,Grammar,True
34,Q2417,Algebra,False
34,Q3585,Vocabulary,False
34,Q2183,Statistics,True
34,Q2829,Inorganic,False
34,Q2662,Inorganic,True
34,Q3355,Vocabulary,False
34,Q2405,Algebra,True
34,Q2835,Inorganic,True
34,Q2537,Geometry,True
34,Q3283,Reading Comprehension,True
34,Q3121,Reading Comprehension,True
34,Q2066,Statistics,True
34,Q2407,Statistics,True
34,Q3402,Vocabulary,False
34,Q3110,Reading Comprehension,True
34,Q2964,Mechanics,True
34,Q2687,Mechanics,True
34,Q3630,Vocabulary,False
34,Q2522,Trigonometry,True
34,Q2251,Algebra,True
34,Q2639,Mechanics,False
35,Q2069,Algebra,False
35,Q2756,Mechanics,False
35,Q3390,Vocabulary,True
35,Q3523,Vocabulary,True
35,Q3599,Vocabulary,True
35,Q2440,Algebra,False
35,Q2513,Geometry,True
35,Q3074,Reading Comprehension,False
35,Q2479,Statistics,True
35,Q3148,Reading Comprehension,True
35,Q2562,Algebra,True
35,Q2076,Algebra,False
35,Q2727,Waves & Optics,True
35,Q3419,Vocabulary,True
35,Q2431,Statistics,True
35,Q3479,Grammar,False
35,Q2323,Algebra,False
35,Q2116,Algebra,False
35,Q2223,Algebra,True
35,Q2416,Algebra,False
35,Q2335,Algebra,False
35,Q2961,Mechanics,False
35,Q2227,Algebra,False
35,Q2585,Algebra,False
35,Q3134,Reading Comprehension,False
35,Q3499,Vocabulary,True
36,Q3158,Reading Comprehension,False
36,Q3299,Reading Comprehension,False
36,Q2889,Inorganic,True
36,Q2448,Algebra,True
36,Q2577,Algebra,False
36,Q2416,Algebra,False
36,Q3715,Inorganic,False
36,Q3646,Grammar,False
36,Q3260,Reading Comprehension,False
36,Q2823,Inorganic,True
36,Q2318,Geometry,False
36,Q3381,Grammar,True
36,Q3092,Reading Comprehension,False
36,Q3164,Reading Comprehension,False
36,Q3601,Vocabulary,False
36,Q2429,Algebra,False
36,Q2709,Inorganic,True
36,Q2932,Mechanics,False
37,Q3108,Reading Comprehension,False
37,Q2790,Inorganic,False
37,Q3085,Reading Comprehension,True
37,Q2601,Mechanics,False
37,Q2397,Algebra,False
37,Q2614,Electricity & Magnetism,False
37,Q2697,Mechanics,False
37,Q3469,Grammar,False
37,Q2778,Inorganic,False
37,Q3029,Mechanics,False
37,Q3213,Reading Comprehension,True
37,Q2781,Inorganic,False
37,Q2272,Algebra,True
37,Q3074,Reading Comprehension,True
37,Q3105,Reading Comprehension,False
37,Q2771,Inorganic,False
37,Q3674,Statistics,True
37,Q3434,Vocabulary,True
38,Q2703,Inorganic,True
38,Q3348,Grammar,True
38,Q3716,Inorganic,False
38,Q2933,Inorganic,True
38,Q3390,Vocabulary,True
38,Q2714,Inorganic,True
38,Q3644,Vocabulary,True
38,Q3324,Vocabulary,True
38,Q3070,Reading Comprehension,False
38,Q3447,Vocabulary,True
38,Q3706,Waves & Optics,False
38,Q3672,Calculus,False
38,Q2796,Mechanics,True
38,Q2491,Algebra,False
38,Q2762,Waves & Optics,True
38,Q3605,Vocabulary,True
38,Q3215,Reading Comprehension,True
38,Q2676,Inorganic,False
38,Q2713,Inorganic,False
38,Q2753,Inorganic,False
38,Q2179,Algebra,True
39,Q2507,Algebra,False
39,Q3152,Reading Comprehension,False
39,Q2544,Algebra,False
39,Q2014,Statistics,False
39,Q2389,Algebra,True
39,Q2990,Mechanics,False
39,Q3713,Organic,True
39,Q3172,Reading Comprehension,False
39,Q2782,Inorganic,True
39,Q2683,Inorganic,False
39,Q3180,Reading Comprehension,True
39,Q2346,Algebra,True
39,Q2302,Algebra,False
39,Q3355,Vocabulary,True
39,Q2400,Algebra,False
39,Q3383,Vocabulary,True
39,Q2939,Inorganic,True
39,Q2114,Algebra,False
39,Q3330,Vocabulary,True
39,Q3029,Mechanics,False
39,Q3034,Inorganic,False
39,Q2128,Algebra,False
39,Q3526,Vocabulary,True
39,Q2621,Mechanics,False
40,Q2760,Inorganic,True
40,Q3468,Vocabulary,False
40,Q3400,Grammar,True
40,Q3066,Reading Comprehension,True
40,Q3373,Vocabulary,True
40,Q2532,Algebra,True
40,Q2086,Algebra,False
40,Q3058,Reading Comprehension,True
40,Q3721,Physical Chemistry,False
40,Q3248,Reading Comprehension,False
40,Q2871,Mechanics,True
40,Q3360,Vocabulary,True
40,Q2988,Mechanics,True
40,Q2704,Inorganic,True
40,Q3445,Vocabulary,True
41,Q2970,Inorganic,True
41,Q2313,Algebra,True
41,Q2491,Algebra,True
41,Q3249,Reading Comprehension,False
41,Q2340,Algebra,True
41,Q2869,Waves & Optics,True
41,Q2573,Algebra,True
41,Q3318,Vocabulary,False
41,Q3082,Reading Comprehension,False
41,Q3109,Reading Comprehension,True
41,Q2789,Inorganic,True
41,Q2728,Physical Chemistry,True
41,Q2899,Inorganic,True
41,Q2319,Algebra,False
41,Q2079,Geometry,True
41,Q2081,Algebra,True
41,Q2683,Inorganic,False
41,Q3281,Reading Comprehension,True
41,Q2547,Algebra,False
41,Q3211,Reading Comprehension,False
41,Q2581,Algebra,False
41,Q3708,Modern Physics,True
41,Q2241,Geometry,False
41,Q2539,Statistics,True
41,Q2085,Statistics,False
41,Q2474,Algebra,True
42,Q2300,Algebra,True
42,Q3075,Reading Comprehension,False
42,Q2535,Algebra,True
42,Q3318,Vocabulary,False
42,Q2561,Trigonometry,False
42,Q3666,Trigonometry,True
42,Q2405,Algebra,True
42,Q3623,Vocabulary,False
42,Q2023,Algebra,True
42,Q2810,Inorganic,True
42,Q3352,Vocabulary,False
42,Q2426,Algebra,True
42,Q2543,Algebra,True
42,Q3586,Vocabulary,False
42,Q2526,Algebra,True
42,Q2936,Inorganic,False
42,Q2352,Algebra,True
42,Q2247,Algebra,True
42,Q2845,Inorganic,True
42,Q3105,Reading Comprehension,True
42,Q2493,Statistics,False
42,Q3304,Vocabulary,False
42,Q3100,Reading Comprehension,True
43,Q2642,Mechanics,False
43,Q2311,Statistics,False
43,Q3435,Vocabulary,True
43,Q3073,Reading Comprehension,True
43,Q2495,Algebra,True
43,Q3446,Vocabulary,True
43,Q2342,Algebra,False
43,Q2614,Electricity & Magnetism,True
43,Q2776,Inorganic,False
43,Q2427,Algebra,False
43,Q3566,Vocabulary,True
43,Q2106,Algebra,False
43,Q3335,Vocabulary,True
43,Q2128,Algebra,False
43,Q3253,Reading Comprehension,True
43,Q2953,Waves & Optics,True
43,Q3068,Reading Comprehension,False
43,Q2842,Inorganic,False
43,Q3384,Vocabulary,False
43,Q3452,Vocabulary,False
43,Q2393,Algebra,False
43,Q2979,Mechanics,False
43,Q3340,Vocabulary,True
43,Q2392,Algebra,False
43,Q3269,Reading Comprehension,True
43,Q2008,Algebra,False
43,Q2576,Algebra,False
43,Q3500,Vocabulary,False
44,Q3018,Mechanics,False
44,Q3310,Vocabulary,True
44,Q2473,Statistics,False
44,Q3528,Vocabulary,True
44,Q2809,Mechanics,False
44,Q2139,Algebra,True
44,Q3651,Vocabulary,True
44,Q2344,Algebra,False
44,Q3047,Inorganic,False
44,Q2968,Electricity & Magnetism,True
44,Q3298,Reading Comprehension,True
44,Q3519,Vocabulary,True
44,Q3043,Inorganic,True
44,Q3350,Vocabulary,True
44,Q2922,Inorganic,True
44,Q2793,Inorganic,True
44,Q2315,Geometry,True
45,Q2467,Statistics,False
45,Q2617,Mechanics,False
45,Q2229,Statistics,False
45,Q2910,Inorganic,False
45,Q2868,Inorganic,False
45,Q3530,Vocabulary,False
45,Q2656,Electricity & Magnetism,False
45,Q3607,Vocabulary,False
45,Q3100,Reading Comprehension,True
45,Q3418,Vocabulary,False
45,Q2000,Statistics,False
45,Q3302,Reading Comprehension,True
45,Q2315,Geometry,True
45,Q3536,Vocabulary,False
45,Q2762,Waves & Optics,True
45,Q3188,Reading Comprehension,False
45,Q2330,Geometry,False
45,Q3622,Vocabulary,True
45,Q2144,Algebra,False
46,Q3119,Reading Comprehension,False
46,Q2596,Mechanics,True
46,Q3695,Mechanics,True
46,Q2463,Algebra,True
46,Q2546,Algebra,True
46,Q3600,Vocabulary,True
46,Q2590,Algebra,True
46,Q3516,Vocabulary,False
46,Q2298,Statistics,True
46,Q2983,Mechanics,True
46,Q2659,Inorganic,True
46,Q3669,Calculus,False
46,Q3197,Reading Comprehension,True
46,Q3493,Vocabulary,False
46,Q2588,Algebra,True
46,Q3224,Reading Comprehension,True
46,Q2238,Algebra,False
46,Q3189,Reading Comprehension,True
46,Q2957,Inorganic,True
46,Q2166,Geometry,True
46,Q3665,Trigonometry,False
46,Q2391,Statistics,True
47,Q2189,Algebra,True
47,Q2364,Algebra,True
47,Q2971,Inorganic,True
47,Q2351,Statistics,False
47,Q2781,Inorganic,False
47,Q3566,Vocabulary,False
47,Q2949,Waves & Optics,True
47,Q2035,Statistics,False
47,Q2146,Algebra,True
47,Q2490,Algebra,True
47,Q3495,Vocabulary,False
47,Q2025,Geometry,True
47,Q3578,Vocabulary,False
47,Q2678,Waves & Optics,False
47,Q2606,Inorganic,False
47,Q2905,Inorganic,False
48,Q2859,Electricity & Magnetism,False
48,Q3008,Waves & Optics,False
48,Q2578,Geometry,True
48,Q2970,Inorganic,True
48,Q2725,Inorganic,True
48,Q3058,Reading Comprehension,False
48,Q2014,Statistics,True
48,Q3522,Vocabulary,False
48,Q2108,Algebra,False
48,Q3594,Vocabulary,False
48,Q3491,Vocabulary,False
48,Q2164,Geometry,True
48,Q2285,Algebra,False
48,Q3164,Reading Comprehension,True
48,Q2531,Geometry,False
48,Q2736,Mechanics,False
48,Q3506,Vocabulary,True
48,Q2616,Inorganic,True
48,Q2530,Algebra,True
48,Q2631,Inorganic,True
48,Q2178,Algebra,False
49,Q3678,Grammar,False
49,Q2686,Mechanics,False
49,Q2896,Inorganic,False
49,Q2588,Algebra,True
49,Q2314,Statistics,False
49,Q2195,Algebra,True
49,Q3278,Reading Comprehension,True
49,Q3375,Vocabulary,True
49,Q2631,Inorganic,False
49,Q3265,Reading Comprehension,True
49,Q3426,Grammar,False
49,Q2302,Algebra,True
49,Q2371,Statistics,False
49,Q3696,Mechanics,False
49,Q3560,Vocabulary,True
49,Q2223,Algebra,True
49,Q3470,Vocabulary,True
49,Q2887,Inorganic,False
49,Q3321,Vocabulary,True
49,Q3144,Reading Comprehension,True
50,Q2233,Statistics,False
50,Q2058,Algebra,False
50,Q3101,Reading Comprehension,False
50,Q2016,Statistics,True
50,Q3530,Vocabulary,True
50,Q2578,Geometry,False
50,Q2722,Waves & Optics,True
50,Q3231,Reading Comprehension,True
50,Q3034,Inorganic,True
50,Q2519,Algebra,False
50,Q2841,Inorganic,True
50,Q3567,Vocabulary,False
50,Q2745,Inorganic,True
50,Q2965,Inorganic,True
50,Q2570,Algebra,False
50,Q3424,Vocabulary,False
50,Q3332,Vocabulary,True
50,Q3334,Vocabulary,False
50,Q3172,Reading Comprehension,True
50,Q2048,Algebra,False
50,Q2029,Algebra,False
50,Q2872,Mechanics,False
51,Q3641,Vocabulary,True
51,Q3282,Reading Comprehension,False
51,Q2874,Mechanics,False
51,Q2141,Algebra,False
51,Q2088,Algebra,False
51,Q3557,Grammar,False
51,Q3117,Reading Comprehension,False
51,Q2647,Waves & Optics,False
51,Q3250,Reading Comprehension,False
51,Q3307,Vocabulary,True
51,Q3090,Reading Comprehension,False
51,Q3384,Vocabulary,True
51,Q3513,Vocabulary,True
51,Q3627,Vocabulary,True
51,Q2629,Electricity & Magnetism,True
51,Q3559,Vocabulary,True
51,Q2808,Mechanics,True
51,Q2144,Algebra,False
51,Q3485,Vocabulary,True
51,Q2457,Algebra,False
51,Q2789,Inorganic,True
52,Q3332,Vocabulary,False
52,Q2330,Geometry,False
52,Q3082,Reading Comprehension,True
52,Q3027,Physical Chemistry,True
52,Q2204,Algebra,True
52,Q2217,Algebra,True
52,Q3565,Vocabulary,True
52,Q3376,Vocabulary,False
52,Q2191,Statistics,False
52,Q2611,Physical Chemistry,True
52,Q2769,Waves & Optics,True
52,Q2856,Organic,False
52,Q2451,Algebra,True
52,Q3338,Grammar,True
52,Q2585,Algebra,False
52,Q2509,Algebra,False
52,Q3710,Organic,False
53,Q2712,Inorganic,True
53,Q2896,Inorganic,True
53,Q3037,Electricity & Magnetism,False
53,Q2046,Algebra,False
53,Q3038,Inorganic,True
53,Q3594,Vocabulary,True
53,Q2458,Algebra,False
53,Q2224,Algebra,False
53,Q2818,Inorganic,True
53,Q2561,Trigonometry,True
53,Q2499,Algebra,False
53,Q2262,Algebra,False
53,Q3265,Reading Comprehension,False
53,Q2995,Physical Chemistry,False
53,Q3542,Vocabulary,True
53,Q2363,Algebra,False
53,Q2265,Statistics,True
53,Q3692,Writing,False
53,Q2473,Statistics,True
53,Q3483,Vocabulary,True
53,Q3496,Vocabulary,True
53,Q2330,Geometry,True
53,Q2902,Inorganic,True
53,Q2910,Inorganic,True
54,Q3299,Reading Comprehension,True
54,Q3059,Reading Comprehension,False
54,Q2981,Mechanics,True
54,Q3282,Reading Comprehension,True
54,Q2631,Inorganic,False
54,Q2437,Geometry,True
54,Q2791,Inorganic,True
54,Q2249,Statistics,False
54,Q2857,Mechanics,False
54,Q3550,Vocabulary,True
54,Q2912,Inorganic,False
54,Q2476,Algebra,True
54,Q2114,Algebra,False
54,Q3088,Reading Comprehension,True
54,Q2396,Statistics,True
54,Q2628,Inorganic,True
54,Q2592,Statistics,True
54,Q2451,Algebra,False
54,Q2438,Algebra,False
54,Q2994,Mechanics,False
54,Q2716,Modern Physics,False
54,Q3428,Vocabulary,True
54,Q3325,Vocabulary,False
55,Q3562,Vocabulary,False
55,Q3157,Reading Comprehension,False
55,Q2496,Algebra,False
55,Q2896,Inorganic,True
55,Q3651,Vocabulary,False
55,Q2885,Waves & Optics,False
55,Q2826,Inorganic,False
55,Q2608,Inorganic,True
55,Q2550,Algebra,False
55,Q2238,Algebra,False
55,Q2616,Inorganic,True
55,Q3466,Vocabulary,False
55,Q2216,Statistics,True
55,Q3109,Reading Comprehension,False
55,Q2318,Geometry,False
55,Q2518,Geometry,False
55,Q2006,Algebra,False
55,Q2075,Geometry,True
55,Q2976,Electricity & Magnetism,True
55,Q2481,Algebra,False
55,Q3094,Reading Comprehension,False
56,Q3560,Vocabulary,True
56,Q2186,Algebra,True
56,Q3558,Vocabulary,False
56,Q3433,Vocabulary,True
56,Q3009,Mechanics,False
56,Q2439,Algebra,True
56,Q2244,Algebra,False
56,Q3649,Vocabulary,True
56,Q2198,Algebra,True
56,Q2387,Statistics,False
56,Q3657,Algebra,False
56,Q3182,Reading Comprehension,True
56,Q3605,Vocabulary,False
56,Q2583,Algebra,False
56,Q2313,Algebra,True
56,Q2203,Algebra,True
56,Q2700,Mechanics,False
56,Q2348,Algebra,True
56,Q3698,Mechanics,False
56,Q2868,Inorganic,True
56,Q2554,Algebra,False
56,Q3427,Vocabulary,True
56,Q3361,Vocabulary,True
56,Q3161,Reading Comprehension,True
57,Q2751,Electricity & Magnetism,False
57,Q3374,Vocabulary,False
57,Q3436,Vocabulary,False
57,Q3314,Vocabulary,False
57,Q2866,Inorganic,True
57,Q3652,Vocabulary,False
57,Q2604,Inorganic,True
57,Q3637,Vocabulary,False
57,Q2054,Algebra,True
57,Q2394,Statistics,True
57,Q2369,Algebra,False
57,Q3575,Vocabulary,False
57,Q2797,Waves & Optics,False
57,Q3335,Vocabulary,False
57,Q3259,Reading Comprehension,True
57,Q2352,Algebra,True
57,Q2109,Algebra,False
57,Q2114,Algebra,True
57,Q3542,Vocabulary,False
57,Q3168,Reading Comprehension,True
57,Q3443,Vocabulary,False
57,Q2595,Electricity & Magnetism,False
57,Q2062,Algebra,True
58,Q2399,Statistics,True
58,Q2230,Algebra,False
58,Q2421,Algebra,False
58,Q2693,Mechanics,True
58,Q3517,Vocabulary,True
58,Q2688,Inorganic,True
58,Q2975,Mechanics,True
58,Q3403,Vocabulary,False
58,Q3480,Vocabulary,False
58,Q3105,Reading Comprehension,True
58,Q3465,Vocabulary,False
58,Q3009,Mechanics,True
58,Q3442,Vocabulary,False
58,Q2292,Algebra,True
58,Q2256,Trigonometry,True
58,Q3089,Reading Comprehension,False
58,Q2113,Algebra,False
58,Q3705,Waves & Optics,True
58,Q2045,Algebra,False
58,Q2260,Algebra,True
58,Q2967,Inorganic,True
58,Q3233,Reading Comprehension,False
58,Q3248,Reading Comprehension,False
58,Q2856,Organic,False
58,Q2815,Inorganic,True
58,Q3423,Vocabulary,False
58,Q3217,Reading Comprehension,True
58,Q3683,Reading Comprehension,True
58,Q2639,Mechanics,True
59,Q2428,Algebra,True
59,Q3451,Vocabulary,True
59,Q2467,Statistics,False
59,Q3170,Reading Comprehension,True
59,Q2610,Mechanics,True
59,Q2554,Algebra,False
59,Q3686,Vocabulary,True
59,Q3717,Inorganic,False
59,Q3321,Vocabulary,True
59,Q2230,Algebra,True
59,Q3331,Vocabulary,True
59,Q2758,Inorganic,True
59,Q2824,Waves & Optics,True
59,Q2594,Mechanics,False
59,Q3298,Reading Comprehension,True
59,Q3348,Grammar,False
59,Q2652,Waves & Optics,True
59,Q2563,Algebra,False
59,Q3413,Vocabulary,True
59,Q3246,Reading Comprehension,True
59,Q3307,Vocabulary,True
60,Q3211,Reading Comprehension,True
60,Q3466,Vocabulary,True
60,Q3158,Reading Comprehension,False
60,Q2902,Inorganic,False
60,Q2300,Algebra,False
60,Q2945,Mechanics,True
60,Q2313,Algebra,True
60,Q3431,Vocabulary,True
60,Q2585,Algebra,False
60,Q2474,Algebra,False
60,Q3550,Vocabulary,True
60,Q2117,Algebra,True
60,Q3511,Vocabulary,False
60,Q3265,Reading Comprehension,True
60,Q3369,Vocabulary,True
60,Q3301,Reading Comprehension,False
60,Q3591,Vocabulary,True
60,Q3013,Inorganic,False
60,Q3216,Reading Comprehension,False
60,Q3489,Vocabulary,True
60,Q2999,Inorganic,False
60,Q3692,Writing,True
60,Q3225,Reading Comprehension,True
60,Q2462,Algebra,True
61,Q2277,Trigonometry,True
61,Q2253,Algebra,False
61,Q2417,Algebra,False
61,Q3052,Waves & Optics,True
61,Q3589,Grammar,True
61,Q2526,Algebra,False
61,Q2339,Algebra,False
61,Q2639,Mechanics,False
61,Q2905,Inorganic,False
61,Q2184,Statistics,True
61,Q2464,Geometry,False
61,Q3045,Inorganic,False
61,Q2855,Waves & Optics,True
61,Q3573,Vocabulary,True
61,Q2815,Inorganic,True
61,Q3424,Vocabulary,True
61,Q2186,Algebra,False
62,Q2720,Inorganic,False
62,Q2965,Inorganic,False
62,Q2502,Algebra,True
62,Q3180,Reading Comprehension,False
62,Q2427,Algebra,False
62,Q2624,Modern Physics,False
62,Q3272,Reading Comprehension,True
62,Q2723,Inorganic,False
62,Q2250,Algebra,False
62,Q2744,Inorganic,True
62,Q2581,Algebra,True
62,Q2752,Inorganic,True
62,Q3252,Reading Comprehension,False
62,Q2632,Electricity & Magnetism,False
62,Q2265,Statistics,False
62,Q2799,Waves & Optics,True
62,Q2862,Mechanics,False
62,Q2332,Algebra,False
62,Q3600,Vocabulary,False
62,Q3088,Reading Comprehension,True
62,Q2527,Algebra,True
63,Q3141,Reading Comprehension,True
63,Q2936,Inorganic,True
63,Q3635,Grammar,True
63,Q2680,Mechanics,False
63,Q3052,Waves & Optics,False
63,Q2614,Electricity & Magnetism,False
63,Q2638,Waves & Optics,False
63,Q2808,Mechanics,False
63,Q3027,Physical Chemistry,False
63,Q2138,Statistics,False
63,Q2642,Mechanics,False
63,Q2356,Algebra,False
63,Q2984,Mechanics,False
63,Q3634,Vocabulary,False
63,Q3033,Inorganic,True
63,Q2347,Statistics,False
63,Q2487,Algebra,False
63,Q3384,Vocabulary,True
63,Q3529,Vocabulary,True
63,Q2295,Algebra,False
63,Q3231,Reading Comprehension,False
64,Q2842,Inorganic,True
64,Q2440,Algebra,False
64,Q3720,Physical Chemistry,True
64,Q2150,Algebra,True
64,Q3285,Reading Comprehension,False
64,Q2354,Algebra,False
64,Q2449,Algebra,False
64,Q2655,Inorganic,True
64,Q3714,Organic,True
64,Q3705,Waves & Optics,False
64,Q2418,Algebra,False
64,Q2350,Algebra,False
64,Q2997,Inorganic,False
64,Q2778,Inorganic,False
64,Q3386,Vocabulary,True
64,Q3097,Reading Comprehension,False
64,Q2407,Statistics,False
64,Q3448,Vocabulary,False
64,Q3717,Inorganic,False
64,Q2295,Algebra,False
64,Q2743,Inorganic,False
64,Q2970,Inorganic,False
64,Q3085,Reading Comprehension,False
65,Q3330,Vocabulary,True
65,Q2338,Algebra,True
65,Q3494,Vocabulary,False
65,Q2125,Geometry,False
65,Q2102,Statistics,False
65,Q3708,Modern Physics,True
65,Q2061,Algebra,False
65,Q3155,Reading Comprehension,True
65,Q3277,Reading Comprehension,True
65,Q2968,Electricity & Magnetism,True
65,Q2886,Inorganic,True
65,Q3180,Reading Comprehension,False
65,Q3655,Algebra,False
65,Q3243,Reading Comprehension,True
65,Q2160,Algebra,False
65,Q2617,Mechanics,False
65,Q2267,Algebra,True
66,Q3228,Reading Comprehension,True
66,Q3360,Vocabulary,False
66,Q2689,Mechanics,False
66,Q3637,Vocabulary,False
66,Q3670,Calculus,True
66,Q2160,Algebra,False
66,Q3532,Vocabulary,False
66,Q3002,Mechanics,False
66,Q2685,Inorganic,False
66,Q2613,Electricity & Magnetism,False
66,Q2628,Inorganic,True
66,Q3054,Inorganic,True
66,Q3396,Vocabulary,False
66,Q2200,Algebra,False
66,Q2611,Physical Chemistry,True
66,Q3425,Vocabulary,False
66,Q2352,Algebra,False
66,Q2140,Statistics,True
67,Q3456,Vocabulary,True
67,Q3350,Vocabulary,True
67,Q2342,Algebra,True
67,Q2050,Algebra,False
67,Q2840,Physical Chemistry,False
67,Q3436,Vocabulary,True
67,Q2949,Waves & Optics,True
67,Q2666,Inorganic,False
67,Q3442,Vocabulary,True
67,Q3685,Reading Comprehension,False
67,Q3226,Reading Comprehension,False
67,Q2491,Algebra,True
67,Q3034,Inorganic,False
67,Q2882,Mechanics,False
67,Q2069,Algebra,True
67,Q2199,Statistics,False
67,Q2110,Statistics,False
67,Q2289,Algebra,True
67,Q3511,Vocabulary,False
67,Q2672,Inorganic,False
67,Q2563,Algebra,True
67,Q2307,Algebra,True
67,Q3523,Vocabulary,True
67,Q2344,Algebra,True
67,Q3569,Vocabulary,True
68,Q2301,Algebra,False
68,Q3448,Vocabulary,True
68,Q3476,Vocabulary,True
68,Q2030,Algebra,False
68,Q2747,Inorganic,False
68,Q3128,Reading Comprehension,True
68,Q2312,Geometry,False
68,Q2417,Algebra,True
68,Q3427,Vocabulary,True
68,Q3283,Reading Comprehension,True
68,Q3358,Vocabulary,True
68,Q3097,Reading Comprehension,True
68,Q2078,Statistics,True
68,Q2959,Waves & Optics,False
68,Q3264,Reading Comprehension,True
68,Q2756,Mechanics,True
68,Q2247,Algebra,False
68,Q2823,Inorganic,True
68,Q2041,Algebra,True
68,Q3133,Reading Comprehension,True
68,Q2426,Algebra,False
68,Q2091,Algebra,False
68,Q2080,Statistics,True
68,Q2631,Inorganic,True
69,Q3128,Reading Comprehension,False
69,Q3699,Electricity & Magnetism,True
69,Q2698,Waves & Optics,False
69,Q2091,Algebra,True
69,Q2499,Algebra,True
69,Q2866,Inorganic,True
69,Q2421,Algebra,True
69,Q2473,Statistics,False
69,Q3179,Reading Comprehension,False
69,Q2312,Geometry,True
69,Q2351,Statistics,False
69,Q2457,Algebra,False
69,Q2982,Inorganic,False
69,Q3187,Reading Comprehension,False
69,Q2813,Inorganic,False
69,Q2144,Algebra,False
69,Q2396,Statistics,False
69,Q2878,Mechanics,False
69,Q3243,Reading Comprehension,False
69,Q2562,Algebra,True
69,Q3067,Reading Comprehension,False
69,Q2685,Inorganic,False
69,Q2202,Algebra,True
69,Q3305,Vocabulary,False
69,Q2492,Algebra,True
69,Q2642,Mechanics,True
69,Q2681,Mechanics,True
69,Q2970,Inorganic,True
69,Q2768,Inorganic,False
70,Q3019,Inorganic,False
70,Q3485,Vocabulary,False
70,Q3583,Vocabulary,False
70,Q3612,Vocabulary,True
70,Q2767,Mechanics,True
70,Q3481,Vocabulary,False
70,Q3582,Vocabulary,False
70,Q2974,Mechanics,True
70,Q2756,Mechanics,True
70,Q3424,Vocabulary,False
70,Q3461,Vocabulary,False
70,Q3124,Reading Comprehension,False
70,Q3173,Reading Comprehension,False
70,Q2776,Inorganic,False
70,Q3540,Vocabulary,False
70,Q2914,Inorganic,False
70,Q2487,Algebra,True
70,Q3135,Reading Comprehension,True
70,Q2739,Inorganic,False
70,Q2480,Algebra,True
70,Q3423,Vocabulary,False
70,Q2345,Algebra,True
70,Q3394,Vocabulary,False
70,Q3066,Reading Comprehension,True
70,Q2035,Statistics,False
71,Q2551,Statistics,True
71,Q2071,Statistics,True
71,Q2696,Inorganic,True
71,Q3697,Mechanics,False
71,Q3280,Reading Comprehension,True
71,Q3279,Reading Comprehension,True
71,Q2638,Waves & Optics,True
71,Q3620,Vocabulary,True
71,Q3681,Grammar,False
71,Q3099,Reading Comprehension,False
71,Q2172,Statistics,True
71,Q2432,Algebra,True
71,Q2145,Algebra,False
71,Q3638,Vocabulary,False
71,Q2558,Algebra,True
71,Q2386,Statistics,True
71,Q3212,Reading Comprehension,True
71,Q3276,Reading Comprehension,True
71,Q3676,Statistics,True
71,Q2904,Inorganic,False
71,Q3607,Vocabulary,False
71,Q2436,Geometry,False
71,Q3166,Reading Comprehension,True
71,Q3101,Reading Comprehension,True
72,Q3635,Grammar,False
72,Q2287,Algebra,False
72,Q3463,Grammar,False
72,Q2754,Inorganic,False
72,Q2683,Inorganic,False
72,Q3332,Vocabulary,True
72,Q2839,Physical Chemistry,False
72,Q3029,Mechanics,True
72,Q3440,Vocabulary,True
72,Q2666,Inorganic,False
72,Q2581,Algebra,True
72,Q2256,Trigonometry,True
72,Q2147,Trigonometry,True
72,Q3379,Vocabulary,True
72,Q3541,Vocabulary,True
72,Q3542,Vocabulary,True
72,Q2451,Algebra,True
72,Q2815,Inorganic,False
72,Q2470,Algebra,True
72,Q2377,Algebra,True
72,Q2136,Algebra,True
72,Q2477,Statistics,True
73,Q2576,Algebra,False
73,Q2223,Algebra,False
73,Q2951,Electricity & Magnetism,False
73,Q2706,Inorganic,True
73,Q3106,Reading Comprehension,False
73,Q3441,Vocabulary,False
73,Q2384,Algebra,False
73,Q3368,Vocabulary,False
73,Q2041,Algebra,False
73,Q3170,Reading Comprehension,True
73,Q3365,Vocabulary,False
73,Q2728,Physical Chemistry,True
73,Q2072,Algebra,False
73,Q2897,Inorganic,False
73,Q2532,Algebra,False
73,Q3593,Vocabulary,False
73,Q2302,Algebra,True
74,Q2474,Algebra,False
74,Q2068,Statistics,True
74,Q2205,Statistics,False
74,Q2418,Algebra,True
74,Q2878,Mechanics,True
74,Q2591,Algebra,False
74,Q2518,Geometry,False
74,Q3178,Reading Comprehension,True
74,Q2731,Mechanics,True
74,Q2170,Algebra,False
74,Q2571,Algebra,False
74,Q3555,Vocabulary,True
74,Q2865,Mechanics,True
74,Q2598,Electricity & Magnetism,True
74,Q2192,Algebra,False
74,Q2500,Algebra,False
74,Q2275,Trigonometry,True
74,Q2775,Inorganic,True
74,Q3597,Vocabulary,False
74,Q2732,Inorganic,True
75,Q2809,Mechanics,False
75,Q3421,Vocabulary,True
75,Q2711,Inorganic,False
75,Q2593,Statistics,True
75,Q3352,Vocabulary,True
75,Q3284,Reading Comprehension,True
75,Q2005,Algebra,True
75,Q2236,Algebra,True
75,Q3600,Vocabulary,True
75,Q3689,Vocabulary,True
75,Q2309,Algebra,False
75,Q2302,Algebra,False
75,Q2056,Algebra,True
75,Q2871,Mechanics,True
75,Q2987,Electricity & Magnetism,True
75,Q2152,Statistics,True
75,Q2876,Electricity & Magnetism,True
75,Q2680,Mechanics,True
75,Q2296,Statistics,False
75,Q3030,Mechanics,True
75,Q2487,Algebra,False
75,Q2689,Mechanics,True
75,Q3699,Electricity & Magnetism,True
75,Q3500,Vocabulary,True
75,Q2945,Mechanics,True
75,Q2805,Inorganic,False
75,Q3322,Vocabulary,True
75,Q3677,Grammar,True
76,Q3539,Vocabulary,True
76,Q3137,Reading Comprehension,True
76,Q3321,Vocabulary,True
76,Q3503,Vocabulary,True
76,Q3241,Reading Comprehension,False
76,Q3481,Vocabulary,False
76,Q3273,Reading Comprehension,True
76,Q3251,Reading Comprehension,True
76,Q2133,Algebra,False
76,Q2629,Electricity & Magnetism,False
76,Q3404,Vocabulary,True
76,Q3180,Reading Comprehension,True
76,Q2399,Statistics,True
76,Q2764,Mechanics,True
76,Q2946,Electricity & Magnetism,False
76,Q3332,Vocabulary,False
76,Q2496,Algebra,False
76,Q2107,Trigonometry,True
76,Q2887,Inorganic,False
76,Q2174,Algebra,False
76,Q3669,Calculus,True
76,Q2262,Algebra,False
76,Q3491,Vocabulary,True
76,Q2050,Algebra,False
76,Q3351,Vocabulary,True
76,Q2712,Inorganic,False
76,Q3266,Reading Comprehension,True
77,Q3531,Grammar,True
77,Q2142,Algebra,True
77,Q2034,Algebra,True
77,Q2112,Algebra,True
77,Q2492,Algebra,True
77,Q3549,Vocabulary,False
77,Q2291,Algebra,False
77,Q3188,Reading Comprehension,True
77,Q3106,Reading Comprehension,False
77,Q3044,Waves & Optics,False
77,Q2139,Algebra,False
77,Q3455,Vocabulary,True
77,Q3591,Vocabulary,True
77,Q3328,Vocabulary,False
77,Q2277,Trigonometry,False
77,Q3112,Reading Comprehension,False
77,Q2104,Algebra,False
77,Q2922,Inorganic,False
77,Q2014,Statistics,True
77,Q2016,Statistics,True
78,Q2771,Inorganic,True
78,Q2174,Algebra,True
78,Q3144,Reading Comprehension,False
78,Q3002,Mechanics,False
78,Q2181,Algebra,True
78,Q2097,Geometry,True
78,Q2581,Algebra,True
78,Q3630,Vocabulary,False
78,Q3071,Reading Comprehension,True
78,Q2579,Statistics,True
78,Q3607,Vocabulary,True
78,Q2308,Geometry,True
78,Q2247,Algebra,True
78,Q3153,Reading Comprehension,True
78,Q3370,Vocabulary,True
78,Q2317,Geometry,True
78,Q3466,Vocabulary,False
78,Q3053,Inorganic,True
78,Q3623,Vocabulary,False
79,Q3715,Inorganic,True
79,Q2141,Algebra,True
79,Q3591,Vocabulary,True
79,Q3566,Vocabulary,True
79,Q2466,Statistics,True
79,Q3146,Reading Comprehension,True
79,Q3274,Reading Comprehension,True
79,Q3344,Vocabulary,True
79,Q2614,Electricity & Magnetism,True
79,Q2513,Geometry,True
79,Q2654,Electricity & Magnetism,False
79,Q3229,Reading Comprehension,True
79,Q2321,Algebra,False
79,Q3689,Vocabulary,True
79,Q3517,Vocabulary,True
79,Q3227,Reading Comprehension,False
79,Q3714,Organic,False
79,Q2230,Algebra,False
79,Q2586,Statistics,True
79,Q2069,Algebra,True
79,Q2114,Algebra,True
79,Q2405,Algebra,False
80,Q2400,Algebra,False
80,Q3651,Vocabulary,False
80,Q3354,Vocabulary,True
80,Q3471,Vocabulary,False
80,Q2884,Inorganic,False
80,Q3438,Vocabulary,True
80,Q3423,Vocabulary,False
80,Q3458,Vocabulary,False
80,Q3252,Reading Comprehension,True
80,Q3431,Vocabulary,False
80,Q3342,Vocabulary,True
80,Q2063,Algebra,False
80,Q2443,Algebra,False
80,Q2418,Algebra,False
80,Q2936,Inorganic,False
80,Q3267,Reading Comprehension,True
80,Q3612,Vocabulary,False
80,Q3322,Vocabulary,False
80,Q2367,Geometry,True
80,Q3022,Inorganic,True
80,Q2396,Statistics,True
80,Q2760,Inorganic,False
80,Q3522,Vocabulary,True
81,Q2895,Inorganic,False
81,Q3178,Reading Comprehension,False
81,Q3555,Vocabulary,False
81,Q3392,Vocabulary,False
81,Q3624,Vocabulary,False
81,Q2708,Physical Chemistry,True
81,Q3368,Vocabulary,False
81,Q2063,Algebra,False
81,Q2408,Statistics,False
81,Q3372,Vocabulary,False
81,Q2714,Inorganic,False
81,Q3556,Vocabulary,False
81,Q2304,Algebra,False
81,Q2526,Algebra,False
81,Q2364,Algebra,True
81,Q2026,Geometry,False
81,Q3055,Electricity & Magnetism,False
81,Q2833,Inorganic,False
81,Q2116,Algebra,False
81,Q2175,Algebra,True
81,Q2039,Algebra,True
81,Q2959,Waves & Optics,False
81,Q2923,Waves & Optics,True
81,Q2189,Algebra,True
81,Q2934,Inorganic,True
81,Q2038,Geometry,False
81,Q2190,Algebra,True
81,Q2139,Algebra,True
82,Q2330,Geometry,True
82,Q2471,Algebra,True
82,Q2588,Algebra,True
82,Q2761,Mechanics,True
82,Q2655,Inorganic,False
82,Q2578,Geometry,True
82,Q3640,Vocabulary,True
82,Q2020,Statistics,False
82,Q3699,Electricity & Magnetism,False
82,Q2936,Inorganic,False
82,Q3374,Vocabulary,False
82,Q2472,Algebra,True
82,Q3618,Grammar,True
82,Q2628,Inorganic,False
82,Q3256,Reading Comprehension,True
82,Q2627,Electricity & Magnetism,True
82,Q2145,Algebra,False
82,Q2677,Waves & Optics,True
82,Q3409,Vocabulary,True
82,Q3672,Calculus,False
83,Q2153,Algebra,False
83,Q2792,Inorganic,False
83,Q2190,Algebra,False
83,Q3158,Reading Comprehension,True
83,Q3086,Reading Comprehension,True
83,Q2329,Geometry,True
83,Q2535,Algebra,True
83,Q3619,Vocabulary,False
83,Q3403,Vocabulary,False
83,Q3538,Vocabulary,False
83,Q2385,Statistics,True
83,Q2383,Algebra,True
83,Q2531,Geometry,True
83,Q2924,Waves & Optics,False
83,Q3119,Reading Comprehension,True
83,Q2685,Inorganic,True
83,Q3411,Vocabulary,False
83,Q2848,Mechanics,True
83,Q2436,Geometry,True
83,Q2599,Inorganic,True
83,Q2377,Algebra,False
84,Q3664,Geometry,False
84,Q2739,Inorganic,False
84,Q2785,Inorganic,False
84,Q2438,Algebra,False
84,Q2955,Inorganic,False
84,Q2087,Statistics,True
84,Q3011,Mechanics,True
84,Q3202,Reading Comprehension,False
84,Q2958,Electricity & Magnetism,True
84,Q3701,Electricity & Magnetism,False
84,Q2809,Mechanics,True
84,Q3714,Organic,True
84,Q3665,Trigonometry,False
84,Q3407,Writing,True
84,Q3190,Reading Comprehension,False
84,Q3130,Reading Comprehension,False
84,Q2169,Algebra,False
84,Q2974,Mechanics,True
84,Q3326,Vocabulary,False
84,Q2412,Algebra,False
84,Q3204,Reading Comprehension,False
84,Q2070,Statistics,True
84,Q2621,Mechanics,True
84,Q2198,Algebra,False
85,Q3452,Vocabulary,True
85,Q2549,Statistics,True
85,Q3721,Physical Chemistry,True
85,Q3522,Vocabulary,True
85,Q3662,Geometry,True
85,Q2997,Inorganic,False
85,Q3108,Reading Comprehension,False
85,Q2417,Algebra,False
85,Q2126,Algebra,True
85,Q3271,Reading Comprehension,False
85,Q2568,Algebra,False
85,Q2004,Algebra,True
85,Q3279,Reading Comprehension,False
85,Q2049,Trigonometry,True
85,Q2832,Inorganic,True
85,Q2289,Algebra,False
85,Q2725,Inorganic,True
85,Q3304,Vocabulary,False
85,Q2297,Algebra,False
85,Q2349,Statistics,False
85,Q3462,Vocabulary,True
85,Q3128,Reading Comprehension,False
85,Q2466,Statistics,True
85,Q2847,Physical Chemistry,False
85,Q2968,Electricity & Magnetism,True
85,Q2103,Geometry,True
85,Q2627,Electricity & Magnetism,True
86,Q3331,Vocabulary,False
86,Q3337,Vocabulary,False
86,Q3518,Vocabulary,False
86,Q2486,Algebra,True
86,Q2672,Inorganic,False
86,Q2618,Waves & Optics,True
86,Q2731,Mechanics,False
86,Q2516,Algebra,True
86,Q3043,Inorganic,False
86,Q3579,Vocabulary,False
86,Q3218,Reading Comprehension,False
86,Q2793,Inorganic,True
86,Q2489,Algebra,True
86,Q2000,Statistics,True
86,Q3437,Vocabulary,False
86,Q2274,Algebra,True
86,Q2341,Algebra,True
86,Q3466,Vocabulary,False
86,Q2741,Inorganic,False
86,Q2310,Statistics,True
86,Q2212,Statistics,True
86,Q3332,Vocabulary,False
86,Q2095,Algebra,True
86,Q2964,Mechanics,False
87,Q3176,Reading Comprehension,False
87,Q2937,Inorganic,True
87,Q3294,Reading Comprehension,True
87,Q2764,Mechanics,False
87,Q3374,Vocabulary,False
87,Q2123,Algebra,True
87,Q2939,Inorganic,True
87,Q3146,Reading Comprehension,True
87,Q2137,Statistics,True
87,Q3592,Vocabulary,False
87,Q2181,Algebra,True
87,Q3403,Vocabulary,False
87,Q3036,Mechanics,True
87,Q2686,Mechanics,True
87,Q2754,Inorganic,True
87,Q2454,Algebra,True
87,Q3486,Vocabulary,True
88,Q2429,Algebra,True
88,Q3706,Waves & Optics,False
88,Q3510,Vocabulary,True
88,Q3114,Reading Comprehension,False
88,Q2730,Mechanics,True
88,Q2573,Algebra,True
88,Q2703,Inorganic,False
88,Q3555,Vocabulary,True
88,Q3290,Reading Comprehension,False
88,Q3193,Reading Comprehension,False
88,Q3124,Reading Comprehension,False
88,Q3036,Mechanics,True
88,Q2660,Inorganic,False
88,Q2168,Statistics,True
88,Q2343,Algebra,True
88,Q2521,Statistics,True
88,Q2977,Waves & Optics,True
88,Q2164,Geometry,True
88,Q2371,Statistics,True
88,Q2193,Geometry,True
88,Q3671,Calculus,False
88,Q2463,Algebra,True
88,Q3128,Reading Comprehension,True
88,Q3719,Inorganic,False
88,Q2032,Statistics,True
89,Q3188,Reading Comprehension,True
89,Q3448,Vocabulary,False
89,Q2402,Algebra,False
89,Q2276,Algebra,False
89,Q3136,Reading Comprehension,True
89,Q3258,Reading Comprehension,False
89,Q2333,Algebra,True
89,Q2299,Algebra,False
89,Q3240,Reading Comprehension,False
89,Q3160,Reading Comprehension,True
89,Q2740,Inorganic,True
89,Q2964,Mechanics,True
89,Q2904,Inorganic,True
89,Q2932,Mechanics,False
89,Q3121,Reading Comprehension,True
90,Q2551,Statistics,False
90,Q2501,Algebra,True
90,Q3064,Reading Comprehension,False
90,Q3337,Vocabulary,False
90,Q2174,Algebra,True
90,Q2060,Algebra,True
90,Q3593,Vocabulary,False
90,Q2390,Geometry,False
90,Q3424,Vocabulary,False
90,Q2549,Statistics,False
90,Q3167,Reading Comprehension,False
90,Q2680,Mechanics,True
90,Q2078,Statistics,False
90,Q2278,Algebra,True
90,Q2915,Mechanics,False
90,Q2540,Algebra,True
90,Q3562,Vocabulary,False
90,Q3620,Vocabulary,False
90,Q2439,Algebra,True
90,Q3494,Vocabulary,False
90,Q3673,Statistics,False
91,Q3395,Vocabulary,False
91,Q3311,Vocabulary,False
91,Q3119,Reading Comprehension,True
91,Q3637,Vocabulary,False
91,Q2310,Statistics,True
91,Q2054,Algebra,False
91,Q2098,Trigonometry,True
91,Q2266,Algebra,True
91,Q2504,Algebra,False
91,Q3459,Vocabulary,False
91,Q3596,Vocabulary,False
91,Q3004,Inorganic,True
91,Q3671,Calculus,False
91,Q2563,Algebra,False
91,Q3292,Reading Comprehension,True
91,Q2299,Algebra,False
91,Q2500,Algebra,False
91,Q3277,Reading Comprehension,True
92,Q3382,Vocabulary,True
92,Q2123,Algebra,True
92,Q2694,Inorganic,False
92,Q2966,Inorganic,True
92,Q2756,Mechanics,False
92,Q3569,Vocabulary,True
92,Q2124,Algebra,True
92,Q2127,Algebra,False
92,Q2933,Inorganic,True
92,Q2243,Statistics,True
92,Q3128,Reading Comprehension,True
92,Q2206,Algebra,True
92,Q3052,Waves & Optics,True
92,Q2419,Algebra,True
92,Q2877,Mechanics,False
92,Q3058,Reading Comprehension,False
92,Q2973,Waves & Optics,True
92,Q2834,Mechanics,True
92,Q2670,Inorganic,True
92,Q3534,Vocabulary,True
92,Q3101,Reading Comprehension,True
92,Q2726,Mechanics,True
92,Q3545,Vocabulary,True
92,Q3579,Vocabulary,True
92,Q3427,Vocabulary,True
92,Q2653,Inorganic,True
92,Q3113,Reading Comprehension,False
92,Q2924,Waves & Optics,True
93,Q3221,Reading Comprehension,False
93,Q2666,Inorganic,True
93,Q3295,Reading Comprehension,True
93,Q2885,Waves & Optics,True
93,Q2734,Inorganic,True
93,Q2698,Waves & Optics,True
93,Q3592,Vocabulary,False
93,Q2279,Algebra,False
93,Q2219,Algebra,True
93,Q2538,Statistics,False
93,Q2116,Algebra,False
93,Q2115,Algebra,False
93,Q2267,Algebra,False
93,Q2877,Mechanics,True
93,Q2762,Waves & Optics,True
93,Q2243,Statistics,True
93,Q2718,Inorganic,False
93,Q2044,Algebra,False
93,Q3635,Grammar,True
93,Q3315,Vocabulary,True
93,Q3393,Vocabulary,True
93,Q2121,Statistics,True
93,Q2359,Statistics,False
93,Q3625,Grammar,True
94,Q3351,Vocabulary,True
94,Q2164,Geometry,False
94,Q2746,Mechanics,False
94,Q3530,Vocabulary,False
94,Q3032,Inorganic,False
94,Q2051,Algebra,False
94,Q2968,Electricity & Magnetism,False
94,Q2233,Statistics,False
94,Q2082,Algebra,True
94,Q2498,Algebra,False
94,Q3051,Electricity & Magnetism,True
94,Q2784,Inorganic,False
94,Q3400,Grammar,True
94,Q2054,Algebra,True
94,Q2445,Algebra,True
94,Q2116,Algebra,True
94,Q2605,Electricity & Magnetism,True
94,Q2616,Inorganic,False
94,Q2754,Inorganic,False
94,Q2821,Inorganic,False
94,Q3259,Reading Comprehension,False
94,Q3230,Reading Comprehension,True
94,Q2622,Inorganic,False
94,Q2088,Algebra,False
94,Q2770,Inorganic,False
95,Q3595,Vocabulary,True
95,Q3588,Grammar,True
95,Q3624,Vocabulary,True
95,Q2840,Physical Chemistry,True
95,Q2157,Algebra,False
95,Q3509,Vocabulary,False
95,Q3346,Vocabulary,False
95,Q2220,Algebra,True
95,Q2647,Waves & Optics,False
95,Q2482,Algebra,False
95,Q3523,Vocabulary,True
95,Q2380,Statistics,False
95,Q3707,Modern Physics,True
95,Q2310,Statistics,True
95,Q3406,Vocabulary,True
95,Q2947,Inorganic,True
96,Q2051,Algebra,True
96,Q2947,Inorganic,False
96,Q2036,Algebra,True
96,Q2542,Algebra,False
96,Q2526,Algebra,False
96,Q2378,Statistics,True
96,Q3625,Grammar,False
96,Q3254,Reading Comprehension,True
96,Q2826,Inorganic,False
96,Q2460,Algebra,False
96,Q3299,Reading Comprehension,False
96,Q3020,Electricity & Magnetism,True
96,Q3507,Vocabulary,False
96,Q3213,Reading Comprehension,True
96,Q2215,Trigonometry,True
96,Q2724,Waves & Optics,True
96,Q2710,Inorganic,True
96,Q2375,Statistics,True
96,Q3585,Vocabulary,False
96,Q2159,Statistics,True
96,Q2334,Statistics,True
96,Q2028,Algebra,True
96,Q2326,Algebra,True
96,Q2854,Mechanics,True
96,Q2794,Mechanics,False
96,Q2108,Algebra,True
97,Q2503,Algebra,False
97,Q2209,Algebra,True
97,Q3312,Vocabulary,False
97,Q3490,Vocabulary,True
97,Q3101,Reading Comprehension,False
97,Q3582,Vocabulary,False
97,Q2678,Waves & Optics,False
97,Q2089,Statistics,True
97,Q2062,Algebra,False
97,Q2454,Algebra,True
97,Q3539,Vocabulary,False
97,Q2958,Electricity & Magnetism,False
97,Q2804,Mechanics,True
97,Q2267,Algebra,False
97,Q3024,Inorganic,True
97,Q3549,Vocabulary,False
97,Q3530,Vocabulary,False
98,Q2993,Waves & Optics,False
98,Q3080,Reading Comprehension,True
98,Q2385,Statistics,True
98,Q3609,Vocabulary,True
98,Q3044,Waves & Optics,False
98,Q2048,Algebra,True
98,Q2880,Mechanics,True
98,Q3607,Vocabulary,True
98,Q3361,Vocabulary,True
98,Q2779,Physical Chemistry,True
98,Q3431,Vocabulary,True
98,Q2045,Algebra,True
98,Q2316,Algebra,True
98,Q3683,Reading Comprehension,False
98,Q2160,Algebra,True
98,Q2947,Inorganic,False
98,Q2055,Statistics,False
98,Q2119,Algebra,True
98,Q2024,Statistics,False
98,Q2642,Mechanics,True
98,Q2350,Algebra,True
98,Q2628,Inorganic,False
98,Q2579,Statistics,False
98,Q3391,Vocabulary,True
98,Q2788,Inorganic,False
98,Q3315,Vocabulary,True
98,Q3085,Reading Comprehension,False
98,Q3581,Vocabulary,True
99,Q2032,Statistics,True
99,Q2581,Algebra,True
99,Q2700,Mechanics,False
99,Q2849,Physical Chemistry,False
99,Q2767,Mechanics,False
99,Q3479,Grammar,False
99,Q3219,Reading Comprehension,True
99,Q3237,Reading Comprehension,False
99,Q3380,Vocabulary,False
99,Q2472,Algebra,False
99,Q2433,Algebra,False
99,Q2982,Inorganic,True
99,Q2143,Statistics,True
99,Q3098,Reading Comprehension,False
99,Q3293,Reading Comprehension,False
99,Q3410,Vocabulary,True
99,Q2271,Algebra,True
100,Q3441,Vocabulary,True
100,Q2057,Statistics,True
100,Q2635,Electricity & Magnetism,True
100,Q2027,Statistics,True
100,Q2056,Algebra,True
100,Q2958,Electricity & Magnetism,True
100,Q3645,Vocabulary,True
100,Q3068,Reading Comprehension,False
100,Q2134,Statistics,True
100,Q2075,Geometry,False
100,Q3219,Reading Comprehension,False
100,Q2402,Algebra,True
100,Q3289,Reading Comprehension,False
100,Q2820,Mechanics,True
100,Q3295,Reading Comprehension,False
100,Q3494,Vocabulary,True
100,Q2642,Mechanics,True
100,Q3477,Vocabulary,True
100,Q2972,Inorganic,False
101,Q2157,Algebra,False
101,Q2460,Algebra,False
101,Q2669,Inorganic,True
101,Q3328,Vocabulary,True
101,Q3420,Vocabulary,True
101,Q2373,Statistics,True
101,Q2552,Statistics,True
101,Q3153,Reading Comprehension,True
101,Q3256,Reading Comprehension,False
101,Q3648,Vocabulary,True
101,Q3360,Vocabulary,True
101,Q2321,Algebra,True
101,Q2044,Algebra,False
101,Q2198,Algebra,False
101,Q2218,Statistics,True
101,Q2735,Mechanics,True
101,Q3518,Vocabulary,True
101,Q2757,Inorganic,True
101,Q2641,Inorganic,False
101,Q2138,Statistics,False
102,Q2921,Inorganic,True
102,Q2532,Algebra,True
102,Q2290,Algebra,True
102,Q2215,Trigonometry,True
102,Q3317,Vocabulary,False
102,Q2864,Mechanics,True
102,Q3359,Vocabulary,False
102,Q3220,Reading Comprehension,False
102,Q2211,Statistics,False
102,Q2518,Geometry,True
102,Q2403,Algebra,True
102,Q2849,Physical Chemistry,True
102,Q2391,Statistics,False
102,Q3618,Grammar,False
102,Q2747,Inorganic,True
102,Q3091,Reading Comprehension,True
102,Q3638,Vocabulary,False
102,Q2167,Algebra,True
102,Q2961,Mechanics,True
102,Q3398,Vocabulary,False
102,Q2975,Mechanics,True
102,Q2525,Statistics,False
102,Q2300,Algebra,True
103,Q2606,Inorganic,True
103,Q2716,Modern Physics,False
103,Q2643,Modern Physics,False
103,Q3345,Vocabulary,False
103,Q2431,Statistics,False
103,Q2577,Algebra,False
103,Q2881,Mechanics,True
103,Q2704,Inorganic,True
103,Q3301,Reading Comprehension,False
103,Q3354,Vocabulary,True
103,Q3353,Vocabulary,False
103,Q2394,Statistics,True
103,Q3321,Vocabulary,False
103,Q3562,Vocabulary,False
103,Q2773,Inorganic,True
103,Q3437,Vocabulary,False
103,Q2465,Geometry,False
103,Q2596,Mechanics,True
104,Q2247,Algebra,True
104,Q2588,Algebra,True
104,Q2596,Mechanics,False
104,Q2722,Waves & Optics,False
104,Q2843,Electricity & Magnetism,True
104,Q3722,Physical Chemistry,False
104,Q3712,Organic,False
104,Q2357,Statistics,False
104,Q2220,Algebra,False
104,Q2677,Waves & Optics,False
104,Q2746,Mechanics,False
104,Q3063,Reading Comprehension,False
104,Q2036,Algebra,True
104,Q3267,Reading Comprehension,False
104,Q2320,Algebra,True
104,Q2792,Inorganic,True
104,Q2125,Geometry,False
104,Q2387,Statistics,False
104,Q2661,Electricity & Magnetism,True
105,Q2948,Inorganic,True
105,Q3694,Mechanics,True
105,Q2941,Electricity & Magnetism,True
105,Q3160,Reading Comprehension,False
105,Q3010,Waves & Optics,False
105,Q2729,Mechanics,True
105,Q2725,Inorganic,True
105,Q2452,Algebra,True
105,Q3383,Vocabulary,True
105,Q3300,Reading Comprehension,False
105,Q3382,Vocabulary,True
105,Q3193,Reading Comprehension,True
105,Q3398,Vocabulary,False
105,Q3667,Trigonometry,False
105,Q3207,Reading Comprehension,True
105,Q2044,Algebra,True
105,Q3440,Vocabulary,False
105,Q2406,Algebra,True
105,Q3471,Vocabulary,False
105,Q2999,Inorganic,True
105,Q3455,Vocabulary,False
106,Q2523,Algebra,False
106,Q2079,Geometry,True
106,Q2098,Trigonometry,False
106,Q2670,Inorganic,False
106,Q3680,Grammar,False
106,Q2274,Algebra,False
106,Q2538,Statistics,False
106,Q2281,Algebra,False
106,Q2563,Algebra,True
106,Q3245,Reading Comprehension,False
106,Q2946,Electricity & Magnetism,True
106,Q2716,Modern Physics,True
106,Q2492,Algebra,True
106,Q2911,Mechanics,False
106,Q3231,Reading Comprehension,True
106,Q3061,Reading Comprehension,False
106,Q2527,Algebra,False
106,Q2705,Electricity & Magnetism,False
106,Q3691,Writing,False
106,Q2747,Inorganic,False
106,Q2469,Algebra,False
106,Q2110,Statistics,True
106,Q2945,Mechanics,False
106,Q3372,Vocabulary,False
107,Q2866,Inorganic,True
107,Q3093,Reading Comprehension,True
107,Q3064,Reading Comprehension,True
107,Q2124,Algebra,True
107,Q3145,Reading Comprehension,True
107,Q2907,Electricity & Magnetism,True
107,Q2369,Algebra,False
107,Q2347,Statistics,True
107,Q3700,Electricity & Magnetism,False
107,Q2184,Statistics,True
107,Q3066,Reading Comprehension,True
107,Q2410,Statistics,True
107,Q2078,Statistics,True
107,Q3670,Calculus,False
107,Q2640,Waves & Optics,True
107,Q3587,Vocabulary,False
107,Q3157,Reading Comprehension,True
107,Q2262,Algebra,True
108,Q2466,Statistics,True
108,Q3367,Vocabulary,False
108,Q2699,Waves & Optics,True
108,Q2827,Inorganic,False
108,Q2394,Statistics,False
108,Q2787,Inorganic,False
108,Q3044,Waves & Optics,True
108,Q3014,Mechanics,True
108,Q2799,Waves & Optics,True
108,Q3332,Vocabulary,False
108,Q3403,Vocabulary,False
108,Q2109,Algebra,False
108,Q3080,Reading Comprehension,True
108,Q2144,Algebra,False
108,Q3573,Vocabulary,False
108,Q2306,Algebra,False
108,Q3003,Inorganic,False
108,Q2402,Algebra,False
108,Q3619,Vocabulary,False
108,Q3600,Vocabulary,False
108,Q2567,Statistics,False
108,Q2272,Algebra,False
109,Q2527,Algebra,False
109,Q2472,Algebra,False
109,Q2001,Algebra,False
109,Q3050,Mechanics,True
109,Q2200,Algebra,False
109,Q2610,Mechanics,False
109,Q3431,Vocabulary,True
109,Q3428,Vocabulary,True
109,Q2735,Mechanics,True
109,Q3105,Reading Comprehension,True
109,Q2644,Mechanics,True
109,Q2911,Mechanics,True
109,Q2301,Algebra,False
109,Q2471,Algebra,False
109,Q2875,Waves & Optics,False
109,Q3475,Vocabulary,True
109,Q3467,Vocabulary,False
109,Q3416,Vocabulary,False
109,Q2746,Mechanics,True
109,Q2443,Algebra,False
109,Q3234,Reading Comprehension,True
109,Q3264,Reading Comprehension,True
109,Q2365,Algebra,False
109,Q2962,Inorganic,True
109,Q2643,Modern Physics,False
109,Q2674,Inorganic,True
109,Q3112,Reading Comprehension,True
109,Q2392,Algebra,False
110,Q2536,Algebra,True
110,Q3591,Vocabulary,True
110,Q3279,Reading Comprehension,True
110,Q3566,Vocabulary,True
110,Q2483,Algebra,True
110,Q3558,Vocabulary,False
110,Q2938,Inorganic,False
110,Q2725,Inorganic,False
110,Q3434,Vocabulary,True
110,Q2486,Algebra,False
110,Q2790,Inorganic,False
110,Q3250,Reading Comprehension,True
110,Q2436,Geometry,False
110,Q2386,Statistics,False
110,Q2588,Algebra,False
110,Q3220,Reading Comprehension,True
110,Q2789,Inorganic,False
111,Q2018,Statistics,False
111,Q2858,Mechanics,True
111,Q3145,Reading Comprehension,True
111,Q3206,Reading Comprehension,True
111,Q2348,Algebra,False
111,Q2310,Statistics,False
111,Q3234,Reading Comprehension,False
111,Q3710,Organic,False
111,Q2782,Inorganic,True
111,Q3364,Vocabulary,True
111,Q3421,Vocabulary,False
111,Q2012,Algebra,True
111,Q2328,Geometry,True
111,Q2226,Algebra,False
111,Q2039,Algebra,False
111,Q2517,Algebra,False
111,Q2940,Mechanics,True
111,Q3581,Vocabulary,True
111,Q3091,Reading Comprehension,True
111,Q2100,Statistics,False
112,Q3647,Vocabulary,True
112,Q2788,Inorganic,True
112,Q3384,Vocabulary,False
112,Q3044,Waves & Optics,False
112,Q3382,Vocabulary,False
112,Q2823,Inorganic,True
112,Q2340,Algebra,False
112,Q3008,Waves & Optics,False
112,Q2873,Mechanics,False
112,Q2011,Geometry,False
112,Q3509,Vocabulary,False
112,Q2644,Mechanics,False
112,Q3494,Vocabulary,True
112,Q3616,Vocabulary,False
112,Q2919,Inorganic,True
112,Q3117,Reading Comprehension,False
113,Q2206,Algebra,True
113,Q2062,Algebra,False
113,Q2109,Algebra,True
113,Q2417,Algebra,False
113,Q2396,Statistics,True
113,Q3557,Grammar,True
113,Q2042,Statistics,False
113,Q2924,Waves & Optics,False
113,Q3708,Modern Physics,True
113,Q2251,Algebra,True
113,Q3502,Vocabulary,False
113,Q2460,Algebra,False
113,Q3489,Vocabulary,True
113,Q3556,Vocabulary,False
113,Q3040,Physical Chemistry,True
113,Q2349,Statistics,True
113,Q3391,Vocabulary,False
113,Q2038,Geometry,True
113,Q3619,Vocabulary,False
113,Q2171,Algebra,True
113,Q2337,Geometry,True
113,Q3496,Vocabulary,False
113,Q2803,Mechanics,True
114,Q2672,Inorganic,True
114,Q2030,Algebra,True
114,Q2147,Trigonometry,False
114,Q2576,Algebra,True
114,Q2784,Inorganic,True
114,Q2564,Algebra,True
114,Q2082,Algebra,True
114,Q3667,Trigonometry,False
114,Q2798,Inorganic,True
114,Q2116,Algebra,True
114,Q2832,Inorganic,True
114,Q3211,Reading Comprehension,True
114,Q3320,Vocabulary,True
114,Q3183,Reading Comprehension,True
114,Q2507,Algebra,True
114,Q2920,Inorganic,True
114,Q3679,Grammar,True
114,Q3076,Reading Comprehension,True
114,Q3481,Vocabulary,True
114,Q3306,Vocabulary,True
114,Q2742,Mechanics,False
114,Q2861,Electricity & Magnetism,False
115,Q2291,Algebra,True
115,Q2957,Inorganic,False
115,Q3481,Vocabulary,True
115,Q2099,Algebra,True
115,Q3289,Reading Comprehension,False
115,Q3207,Reading Comprehension,False
115,Q2630,Inorganic,False
115,Q2528,Algebra,True
115,Q3460,Grammar,False
115,Q3444,Vocabulary,False
115,Q2533,Algebra,True
115,Q3086,Reading Comprehension,False
115,Q2727,Waves & Optics,True
115,Q2744,Inorganic,False
115,Q2485,Algebra,True
116,Q2207,Statistics,False
116,Q3325,Vocabulary,False
116,Q3053,Inorganic,True
116,Q2178,Algebra,False
116,Q3097,Reading Comprehension,True
116,Q2926,Electricity & Magnetism,True
116,Q2849,Physical Chemistry,False
116,Q2105,Statistics,True
116,Q2058,Algebra,False
116,Q3702,Electricity & Magnetism,False
116,Q2014,Statistics,False
116,Q3270,Reading Comprehension,True
116,Q2209,Algebra,False
116,Q2718,Inorganic,True
116,Q2749,Waves & Optics,False
116,Q2925,Waves & Optics,True
116,Q3267,Reading Comprehension,False
116,Q2488,Algebra,True
116,Q3274,Reading Comprehension,False
116,Q3678,Grammar,False
116,Q3721,Physical Chemistry,True
116,Q2177,Algebra,False
117,Q3506,Vocabulary,True
117,Q3400,Grammar,False
117,Q3169,Reading Comprehension,True
117,Q3679,Grammar,False
117,Q3483,Vocabulary,True
117,Q2113,Algebra,True
117,Q2875,Waves & Optics,True
117,Q3515,Vocabulary,False
117,Q2001,Algebra,True
117,Q2532,Algebra,True
117,Q2763,Inorganic,True
117,Q2820,Mechanics,False
117,Q3099,Reading Comprehension,True
117,Q2044,Algebra,True
117,Q2185,Algebra,False
117,Q3382,Vocabulary,True
117,Q2456,Algebra,True
117,Q2659,Inorganic,True
117,Q2452,Algebra,True
117,Q2467,Statistics,True
118,Q3639,Vocabulary,True
118,Q3268,Reading Comprehension,False
118,Q3571,Vocabulary,False
118,Q2239,Statistics,False
118,Q2092,Statistics,False
118,Q3703,Waves & Optics,True
118,Q2601,Mechanics,True
118,Q3690,Vocabulary,True
118,Q3055,Electricity & Magnetism,False
118,Q3061,Reading Comprehension,True
118,Q2585,Algebra,True
118,Q2690,Inorganic,False
118,Q2571,Algebra,True
118,Q2562,Algebra,True
118,Q2891,Waves & Optics,True
118,Q2037,Statistics,False
118,Q2910,Inorganic,False
118,Q2584,Statistics,True
118,Q2726,Mechanics,True
118,Q3463,Grammar,True
118,Q2966,Inorganic,False
118,Q2712,Inorganic,False
119,Q2495,Algebra,False
119,Q3593,Vocabulary,False
119,Q2738,Inorganic,True
119,Q2829,Inorganic,True
119,Q2419,Algebra,False
119,Q2223,Algebra,False
119,Q2491,Algebra,False
119,Q2868,Inorganic,True
119,Q3063,Reading Comprehension,False
119,Q2181,Algebra,False
119,Q3023,Inorganic,True
119,Q3039,Inorganic,True
119,Q3304,Vocabulary,True
119,Q3051,Electricity & Magnetism,False
119,Q2161,Algebra,False
119,Q3014,Mechanics,True
119,Q2844,Physical Chemistry,False
119,Q2993,Waves & Optics,False
119,Q2469,Algebra,False
119,Q3327,Vocabulary,True
119,Q2759,Organic,False
119,Q2712,Inorganic,True
119,Q2850,Physical Chemistry,False
119,Q2248,Algebra,False
120,Q3104,Reading Comprehension,False
120,Q2988,Mechanics,True
120,Q3071,Reading Comprehension,False
120,Q3708,Modern Physics,False
120,Q2919,Inorganic,False
120,Q2907,Electricity & Magnetism,False
120,Q2357,Statistics,True
120,Q3365,Vocabulary,False
120,Q2079,Geometry,True
120,Q3232,Reading Comprehension,False
120,Q2839,Physical Chemistry,True
120,Q2067,Algebra,False
120,Q2186,Algebra,False
120,Q3117,Reading Comprehension,False
120,Q3158,Reading Comprehension,False
120,Q2179,Algebra,True
120,Q2902,Inorganic,True
120,Q3507,Vocabulary,False
120,Q3023,Inorganic,True
121,Q2375,Statistics,False
121,Q3606,Grammar,True
121,Q3428,Vocabulary,False
121,Q2871,Mechanics,False
121,Q2131,Algebra,True
121,Q2622,Inorganic,False
121,Q3351,Vocabulary,True
121,Q2459,Algebra,True
121,Q2238,Algebra,True
121,Q2843,Electricity & Magnetism,True
121,Q2003,Algebra,True
121,Q3380,Vocabulary,False
121,Q2805,Inorganic,False
121,Q2399,Statistics,False
121,Q3253,Reading Comprehension,True
121,Q2846,Mechanics,False
121,Q3489,Vocabulary,False
121,Q3486,Vocabulary,True
121,Q2614,Electricity & Magnetism,True
122,Q2053,Algebra,True
122,Q3706,Waves & Optics,True
122,Q3020,Electricity & Magnetism,False
122,Q2050,Algebra,True
122,Q3116,Reading Comprehension,False
122,Q3577,Vocabulary,False
122,Q3652,Vocabulary,False
122,Q2595,Electricity & Magnetism,False
122,Q2024,Statistics,True
122,Q3175,Reading Comprehension,False
122,Q2672,Inorganic,False
122,Q2645,Inorganic,False
122,Q3429,Vocabulary,True
122,Q2738,Inorganic,False
122,Q3003,Inorganic,False
122,Q2078,Statistics,True
122,Q2606,Inorganic,False
122,Q2883,Waves & Optics,False
122,Q2980,Inorganic,False
122,Q3228,Reading Comprehension,False
123,Q2678,Waves & Optics,False
123,Q2996,Mechanics,False
123,Q3065,Reading Comprehension,True
123,Q3637,Vocabulary,True
123,Q2817,Inorganic,False
123,Q2967,Inorganic,True
123,Q2854,Mechanics,True
123,Q3189,Reading Comprehension,True
123,Q3279,Reading Comprehension,True
123,Q3460,Grammar,True
123,Q2981,Mechanics,False
123,Q3695,Mechanics,True
123,Q3323,Grammar,True
123,Q2721,Inorganic,False
123,Q2923,Waves & Optics,False
123,Q3655,Algebra,False
123,Q3175,Reading Comprehension,False
124,Q3584,Vocabulary,True
124,Q3438,Vocabulary,True
124,Q3327,Vocabulary,True
124,Q2095,Algebra,True
124,Q3069,Reading Comprehension,False
124,Q3148,Reading Comprehension,False
124,Q3442,Vocabulary,True
124,Q2775,Inorganic,True
124,Q3633,Vocabulary,True
124,Q2298,Statistics,True
124,Q2615,Electricity & Magnetism,True
124,Q2839,Physical Chemistry,True
124,Q3550,Vocabulary,True
124,Q2705,Electricity & Magnetism,False
124,Q3030,Mechanics,False
124,Q3440,Vocabulary,True
124,Q2092,Statistics,True
124,Q3344,Vocabulary,True
124,Q2354,Algebra,True
124,Q2755,Inorganic,True
124,Q2955,Inorganic,True
124,Q2610,Mechanics,True
124,Q3076,Reading Comprehension,False
125,Q2496,Algebra,False
125,Q3502,Vocabulary,False
125,Q2017,Statistics,False
125,Q2422,Algebra,False
125,Q2214,Algebra,False
125,Q3282,Reading Comprehension,False
125,Q2168,Statistics,False
125,Q2907,Electricity & Magnetism,False
125,Q2494,Statistics,False
125,Q2970,Inorganic,False
125,Q3666,Trigonometry,True
125,Q2277,Trigonometry,True
125,Q2050,Algebra,False
125,Q3163,Reading Comprehension,False
125,Q2930,Inorganic,False
125,Q3378,Vocabulary,False
125,Q2690,Inorganic,False
125,Q3536,Vocabulary,False
125,Q3594,Vocabulary,False
125,Q3555,Vocabulary,False
125,Q2650,Mechanics,False
125,Q3207,Reading Comprehension,False
125,Q2503,Algebra,False
125,Q2713,Inorganic,False
125,Q2299,Algebra,False
125,Q3563,Vocabulary,False
125,Q2411,Statistics,True
125,Q3168,Reading Comprehension,False
125,Q3521,Vocabulary,True
126,Q3307,Vocabulary,True
126,Q3695,Mechanics,True
126,Q2717,Waves & Optics,True
126,Q2312,Geometry,False
126,Q2605,Electricity & Magnetism,True
126,Q2328,Geometry,False
126,Q2630,Inorganic,False
126,Q2255,Statistics,False
126,Q2918,Waves & Optics,True
126,Q2208,Algebra,False
126,Q3675,Statistics,False
126,Q2047,Algebra,True
126,Q2771,Inorganic,True
126,Q3639,Vocabulary,True
126,Q2837,Inorganic,False
127,Q3489,Vocabulary,True
127,Q2048,Algebra,False
127,Q3237,Reading Comprehension,False
127,Q3151,Reading Comprehension,True
127,Q2426,Algebra,False
127,Q2436,Geometry,False
127,Q3718,Inorganic,True
127,Q2757,Inorganic,True
127,Q3625,Grammar,False
127,Q2430,Algebra,False
127,Q3706,Waves & Optics,False
127,Q2120,Algebra,False
127,Q3260,Reading Comprehension,True
127,Q2710,Inorganic,False
127,Q3695,Mechanics,False
127,Q2500,Algebra,False
127,Q2521,Statistics,False
127,Q3180,Reading Comprehension,True
127,Q2618,Waves & Optics,True
127,Q2385,Statistics,False
127,Q2446,Algebra,False
127,Q3442,Vocabulary,False
127,Q3071,Reading Comprehension,False
128,Q2983,Mechanics,False
128,Q2099,Algebra,False
128,Q3042,Waves & Optics,False
128,Q2475,Algebra,False
128,Q2109,Algebra,False
128,Q3630,Vocabulary,True
128,Q2833,Inorganic,True
128,Q2652,Waves & Optics,True
128,Q3437,Vocabulary,True
128,Q3599,Vocabulary,True
128,Q2285,Algebra,False
128,Q2456,Algebra,False
128,Q3412,Vocabulary,False
128,Q3514,Vocabulary,True
128,Q2917,Inorganic,False
128,Q3470,Vocabulary,True
128,Q2617,Mechanics,False
128,Q2322,Statistics,False
128,Q2612,Mechanics,False
128,Q2300,Algebra,True
128,Q3332,Vocabulary,True
128,Q2646,Inorganic,False
128,Q3575,Vocabulary,True
128,Q2634,Waves & Optics,True
128,Q3118,Reading Comprehension,False
128,Q2613,Electricity & Magnetism,False
128,Q2189,Algebra,False
129,Q2161,Algebra,True
129,Q3139,Reading Comprehension,False
129,Q3568,Vocabulary,True
129,Q3061,Reading Comprehension,True
129,Q3667,Trigonometry,True
129,Q2421,Algebra,True
129,Q2539,Statistics,True
129,Q2801,Mechanics,False
129,Q2968,Electricity & Magnetism,True
129,Q2262,Algebra,True
129,Q2203,Algebra,False
129,Q3430,Vocabulary,False
129,Q2011,Geometry,True
129,Q2050,Algebra,False
129,Q2541,Geometry,True
129,Q3298,Reading Comprehension,False
129,Q2726,Mechanics,False
129,Q3398,Vocabulary,False
129,Q3048,Mechanics,False
129,Q3032,Inorganic,False
129,Q3566,Vocabulary,False
130,Q3658,Algebra,True
130,Q3716,Inorganic,False
130,Q2911,Mechanics,False
130,Q2114,Algebra,True
130,Q2963,Mechanics,False
130,Q3365,Vocabulary,True
130,Q3449,Vocabulary,False
130,Q3103,Reading Comprehension,True
130,Q2545,Statistics,False
130,Q3596,Vocabulary,True
130,Q3044,Waves & Optics,False
130,Q3118,Reading Comprehension,True
130,Q3537,Grammar,False
130,Q2372,Algebra,True
130,Q2099,Algebra,False
130,Q2365,Algebra,False
130,Q2025,Geometry,False
130,Q2120,Algebra,True
130,Q2153,Algebra,True
130,Q3460,Grammar,False
130,Q3558,Vocabulary,True
130,Q2631,Inorganic,True
130,Q2794,Mechanics,True
130,Q2879,Mechanics,False
130,Q3667,Trigonometry,False
130,Q2676,Inorganic,True
130,Q3715,Inorganic,True
130,Q2760,Inorganic,True
131,Q3310,Vocabulary,True
131,Q3623,Vocabulary,True
131,Q3625,Grammar,False
131,Q3313,Vocabulary,True
131,Q2270,Geometry,False
131,Q2208,Algebra,True
131,Q3157,Reading Comprehension,True
131,Q2802,Mechanics,False
131,Q2434,Algebra,False
131,Q2309,Algebra,False
131,Q3425,Vocabulary,True
131,Q2157,Algebra,True
131,Q2321,Algebra,False
131,Q2524,Statistics,True
131,Q3696,Mechanics,True
131,Q3452,Vocabulary,False
132,Q2503,Algebra,False
132,Q2076,Algebra,False
132,Q3136,Reading Comprehension,False
132,Q2609,Physical Chemistry,True
132,Q3646,Grammar,True
132,Q3246,Reading Comprehension,False
132,Q2456,Algebra,False
132,Q3499,Vocabulary,False
132,Q2112,Algebra,True
132,Q2809,Mechanics,True
132,Q3311,Vocabulary,False
132,Q2086,Algebra,True
132,Q3567,Vocabulary,True
132,Q2669,Inorganic,True
132,Q3719,Inorganic,False
132,Q2258,Statistics,False
132,Q2499,Algebra,False
133,Q2434,Algebra,True
133,Q2528,Algebra,False
133,Q3127,Reading Comprehension,False
133,Q3507,Vocabulary,False
133,Q2756,Mechanics,False
133,Q2885,Waves & Optics,False
133,Q3627,Vocabulary,False
133,Q2580,Algebra,False
133,Q2681,Mechanics,False
133,Q2348,Algebra,False
133,Q3315,Vocabulary,False
133,Q2565,Statistics,True
133,Q3139,Reading Comprehension,False
133,Q3310,Vocabulary,True
133,Q3244,Reading Comprehension,False
133,Q3039,Inorganic,True
133,Q3201,Reading Comprehension,False
134,Q2077,Algebra,True
134,Q3068,Reading Comprehension,False
134,Q2659,Inorganic,True
134,Q3069,Reading Comprehension,True
134,Q3385,Vocabulary,False
134,Q3059,Reading Comprehension,False
134,Q2494,Statistics,False
134,Q3402,Vocabulary,False
134,Q2257,Statistics,False
134,Q3242,Reading Comprehension,True
134,Q3041,Electricity & Magnetism,True
134,Q3037,Electricity & Magnetism,False
134,Q2360,Algebra,True
134,Q2314,Statistics,False
134,Q2305,Statistics,False
134,Q2165,Algebra,False
134,Q2683,Inorganic,True
134,Q2819,Inorganic,False
135,Q3708,Modern Physics,True
135,Q2225,Statistics,False
135,Q3395,Vocabulary,True
135,Q3448,Vocabulary,True
135,Q2148,Algebra,False
135,Q3148,Reading Comprehension,True
135,Q3337,Vocabulary,True
135,Q2350,Algebra,False
135,Q2155,Algebra,True
135,Q3177,Reading Comprehension,True
135,Q2303,Algebra,False
135,Q2110,Statistics,True
135,Q2270,Geometry,True
135,Q3019,Inorganic,False
135,Q3666,Trigonometry,False
135,Q2615,Electricity & Magnetism,True
135,Q3648,Vocabulary,True
135,Q3128,Reading Comprehension,False
135,Q3461,Vocabulary,True
135,Q2649,Inorganic,True
136,Q3292,Reading Comprehension,False
136,Q2998,Inorganic,True
136,Q3473,Vocabulary,True
136,Q2883,Waves & Optics,False
136,Q2638,Waves & Optics,True
136,Q2083,Algebra,True
136,Q2806,Mechanics,False
136,Q2246,Algebra,True
136,Q2866,Inorganic,True
136,Q2162,Algebra,True
136,Q2204,Algebra,True
136,Q2271,Algebra,True
136,Q3474,Grammar,False
136,Q3049,Mechanics,True
136,Q2408,Statistics,True
136,Q2528,Algebra,True
136,Q3707,Modern Physics,True
136,Q3511,Vocabulary,False
136,Q2126,Algebra,False
136,Q2779,Physical Chemistry,False
136,Q3347,Vocabulary,True
136,Q3001,Mechanics,False
136,Q2005,Algebra,True
136,Q2249,Statistics,True
136,Q2842,Inorganic,True
137,Q2980,Inorganic,False
137,Q3489,Vocabulary,False
137,Q3072,Reading Comprehension,True
137,Q3253,Reading Comprehension,False
137,Q3668,Trigonometry,False
137,Q2198,Algebra,False
137,Q3715,Inorganic,False
137,Q2382,Algebra,False
137,Q3306,Vocabulary,True
137,Q2569,Algebra,False
137,Q2323,Algebra,True
137,Q2357,Statistics,True
137,Q3325,Vocabulary,True
137,Q2266,Algebra,True
137,Q3083,Reading Comprehension,False
137,Q2174,Algebra,True
137,Q2008,Algebra,True
137,Q2182,Algebra,False
137,Q2720,Inorganic,False
137,Q3364,Vocabulary,True
138,Q2086,Algebra,True
138,Q2020,Statistics,True
138,Q3373,Vocabulary,True
138,Q2969,Waves & Optics,True
138,Q3022,Inorganic,False
138,Q2143,Statistics,True
138,Q3406,Vocabulary,True
138,Q3691,Writing,True
138,Q2266,Algebra,False
138,Q2254,Algebra,False
138,Q3681,Grammar,False
138,Q3281,Reading Comprehension,True
138,Q3066,Reading Comprehension,True
138,Q2414,Geometry,True
138,Q3526,Vocabulary,True
138,Q2744,Inorganic,True
138,Q2704,Inorganic,True
139,Q2709,Inorganic,True
139,Q3363,Vocabulary,False
139,Q2467,Statistics,False
139,Q2643,Modern Physics,True
139,Q2940,Mechanics,False
139,Q2316,Algebra,False
139,Q3099,Reading Comprehension,True
139,Q3438,Vocabulary,False
139,Q2254,Algebra,True
139,Q2219,Algebra,False
139,Q2464,Geometry,False
139,Q3663,Geometry,False
139,Q3387,Vocabulary,False
139,Q3251,Reading Comprehension,True
139,Q2440,Algebra,False
140,Q3202,Reading Comprehension,False
140,Q2423,Algebra,False
140,Q2173,Algebra,False
140,Q2222,Algebra,False
140,Q2294,Algebra,False
140,Q3572,Vocabulary,True
140,Q2444,Geometry,False
140,Q2082,Algebra,False
140,Q2918,Waves & Optics,True
140,Q3670,Calculus,False
140,Q3583,Vocabulary,True
140,Q3015,Inorganic,True
140,Q2063,Algebra,False
140,Q3148,Reading Comprehension,True
140,Q2828,Inorganic,True
140,Q2536,Algebra,True
140,Q3708,Modern Physics,True
140,Q2778,Inorganic,True
140,Q3331,Vocabulary,True
140,Q2529,Algebra,False
140,Q2309,Algebra,False
140,Q3646,Grammar,True
140,Q3676,Statistics,False
140,Q2054,Algebra,False
140,Q2482,Algebra,True
140,Q3493,Vocabulary,True
140,Q2825,Waves & Optics,False
141,Q2420,Algebra,True
141,Q2598,Electricity & Magnetism,True
141,Q2289,Algebra,True
141,Q2027,Statistics,True
141,Q2142,Algebra,True
141,Q2602,Mechanics,True
141,Q3597,Vocabulary,True
141,Q2982,Inorganic,False
141,Q3603,Vocabulary,True
141,Q3246,Reading Comprehension,True
141,Q2458,Algebra,True
141,Q3505,Vocabulary,True
141,Q3107,Reading Comprehension,True
141,Q2863,Waves & Optics,False
141,Q3048,Mechanics,True
141,Q3534,Vocabulary,True
141,Q3683,Reading Comprehension,True
142,Q3448,Vocabulary,True
142,Q2212,Statistics,False
142,Q2214,Algebra,True
142,Q3467,Vocabulary,True
142,Q3091,Reading Comprehension,False
142,Q2537,Geometry,True
142,Q3264,Reading Comprehension,False
142,Q3023,Inorganic,True
142,Q3089,Reading Comprehension,False
142,Q3502,Vocabulary,True
142,Q3529,Vocabulary,True
142,Q3194,Reading Comprehension,False
142,Q3072,Reading Comprehension,False
142,Q3508,Vocabulary,True
142,Q2607,Mechanics,False
142,Q2394,Statistics,True
142,Q3503,Vocabulary,True
143,Q2717,Waves & Optics,False
143,Q3228,Reading Comprehension,True
143,Q2090,Algebra,True
143,Q2338,Algebra,True
143,Q2254,Algebra,True
143,Q3672,Calculus,True
143,Q2810,Inorganic,False
143,Q3046,Inorganic,True
143,Q2184,Statistics,False
143,Q2884,Inorganic,True
143,Q2640,Waves & Optics,False
143,Q2522,Trigonometry,True
143,Q3698,Mechanics,False
143,Q3311,Vocabulary,True
143,Q3666,Trigonometry,True
143,Q2363,Algebra,False
143,Q2626,Electricity & Magnetism,True
143,Q2761,Mechanics,True
143,Q2448,Algebra,True
143,Q2776,Inorganic,True
143,Q2332,Algebra,False
143,Q2941,Electricity & Magnetism,True
144,Q3123,Reading Comprehension,False
144,Q2253,Algebra,False
144,Q3698,Mechanics,False
144,Q2133,Algebra,True
144,Q3612,Vocabulary,True
144,Q2678,Waves & Optics,True
144,Q3676,Statistics,False
144,Q2461,Statistics,True
144,Q3630,Vocabulary,True
144,Q2450,Algebra,True
144,Q2365,Algebra,True
144,Q3644,Vocabulary,True
144,Q2893,Electricity & Magnetism,False
144,Q3409,Vocabulary,True
144,Q3652,Vocabulary,True
144,Q3673,Statistics,True
144,Q3052,Waves & Optics,True
144,Q2238,Algebra,False
144,Q3243,Reading Comprehension,False
144,Q2109,Algebra,True
144,Q3285,Reading Comprehension,True
144,Q3447,Vocabulary,True
144,Q2960,Mechanics,True
144,Q3018,Mechanics,True
144,Q2917,Inorganic,False
144,Q3677,Grammar,False
144,Q2505,Algebra,True
144,Q2188,Algebra,False
144,Q2030,Algebra,False
145,Q2179,Algebra,True
145,Q2781,Inorganic,False
145,Q2544,Algebra,True
145,Q2123,Algebra,True
145,Q2353,Algebra,True
145,Q2332,Algebra,False
145,Q2686,Mechanics,False
145,Q2036,Algebra,False
145,Q3694,Mechanics,False
145,Q3601,Vocabulary,True
145,Q3277,Reading Comprehension,True
145,Q3478,Vocabulary,True
145,Q2704,Inorganic,False
145,Q2909,Electricity & Magnetism,True
145,Q2504,Algebra,True
145,Q2680,Mechanics,False
146,Q3221,Reading Comprehension,True
146,Q3007,Mechanics,False
146,Q2449,Algebra,False
146,Q2094,Algebra,False
146,Q2658,Inorganic,True
146,Q2565,Statistics,False
146,Q3288,Reading Comprehension,True
146,Q2409,Algebra,False
146,Q2170,Algebra,False
146,Q3021,Waves & Optics,True
146,Q2122,Algebra,False
146,Q2447,Statistics,False
146,Q2977,Waves & Optics,True
146,Q2648,Modern Physics,True
146,Q2308,Geometry,True
146,Q2082,Algebra,False
146,Q2513,Geometry,True
146,Q2571,Algebra,False
146,Q2786,Waves & Optics,True
146,Q3017,Waves & Optics,True
146,Q3238,Reading Comprehension,True
146,Q3069,Reading Comprehension,True
146,Q2233,Statistics,False
146,Q2298,Statistics,False
146,Q3445,Vocabulary,True
146,Q2902,Inorganic,True
147,Q3090,Reading Comprehension,False
147,Q3639,Vocabulary,True
147,Q2193,Geometry,False
147,Q2245,Algebra,False
147,Q2120,Algebra,False
147,Q2567,Statistics,False
147,Q2559,Algebra,True
147,Q3563,Vocabulary,True
147,Q3495,Vocabulary,True
147,Q2408,Statistics,False
147,Q2077,Algebra,True
147,Q2650,Mechanics,False
147,Q2707,Electricity & Magnetism,False
147,Q2593,Statistics,False
147,Q2646,Inorganic,True
147,Q3091,Reading Comprehension,False
147,Q2214,Algebra,False
147,Q2853,Mechanics,False
147,Q2801,Mechanics,False
147,Q3431,Vocabulary,True
147,Q2973,Waves & Optics,False
147,Q3369,Vocabulary,True
147,Q3478,Vocabulary,False
147,Q2396,Statistics,False
147,Q3547,Vocabulary,True
147,Q3295,Reading Comprehension,True
147,Q3685,Reading Comprehension,False
147,Q2132,Algebra,False
148,Q2000,Statistics,True
148,Q2247,Algebra,False
148,Q3547,Vocabulary,True
148,Q3593,Vocabulary,True
148,Q2840,Physical Chemistry,True
148,Q3220,Reading Comprehension,False
148,Q3441,Vocabulary,True
148,Q3369,Vocabulary,True
148,Q2490,Algebra,False
148,Q2228,Statistics,True
148,Q2837,Inorganic,False
148,Q2123,Algebra,False
148,Q3449,Vocabulary,True
148,Q2702,Physical Chemistry,True
148,Q2452,Algebra,False
148,Q2191,Statistics,True
148,Q2216,Statistics,True
148,Q3628,Grammar,False
148,Q2462,Algebra,True
148,Q3664,Geometry,False
148,Q3487,Vocabulary,True
148,Q3374,Vocabulary,True
148,Q2425,Algebra,False
148,Q2645,Inorganic,False
148,Q2116,Algebra,False
148,Q2118,Trigonometry,False
148,Q2416,Algebra,False
148,Q2690,Inorganic,True
149,Q2833,Inorganic,False
149,Q2313,Algebra,False
149,Q2059,Statistics,True
149,Q2539,Statistics,False
149,Q2406,Algebra,False
149,Q3274,Reading Comprehension,False
149,Q2333,Algebra,True
149,Q3020,Electricity & Magnetism,True
149,Q3070,Reading Comprehension,False
149,Q2402,Algebra,False
149,Q2360,Algebra,False
149,Q3069,Reading Comprehension,False
149,Q2904,Inorganic,False
149,Q2568,Algebra,False
149,Q3393,Vocabulary,True
149,Q3261,Reading Comprehension,False
149,Q2414,Geometry,False
149,Q3085,Reading Comprehension,False
149,Q2988,Mechanics,True
149,Q2797,Waves & Optics,True
149,Q2232,Algebra,False
150,Q2586,Statistics,True
150,Q3669,Calculus,True
150,Q2258,Statistics,True
150,Q3298,Reading Comprehension,False
150,Q3663,Geometry,True
150,Q2922,Inorganic,True
150,Q3098,Reading Comprehension,True
150,Q3561,Vocabulary,False
150,Q2565,Statistics,True
150,Q2378,Statistics,True
150,Q3668,Trigonometry,False
150,Q2143,Statistics,False
150,Q3397,Vocabulary,True
150,Q2807,Mechanics,False
150,Q3148,Reading Comprehension,True
151,Q2833,Inorganic,False
151,Q2658,Inorganic,False
151,Q2162,Algebra,False
151,Q3682,Reading Comprehension,False
151,Q3596,Vocabulary,True
151,Q2729,Mechanics,False
151,Q3140,Reading Comprehension,False
151,Q2368,Algebra,True
151,Q2003,Algebra,True
151,Q2363,Algebra,True
151,Q3205,Reading Comprehension,False
151,Q2971,Inorganic,False
151,Q2350,Algebra,True
151,Q3051,Electricity & Magnetism,False
151,Q2292,Algebra,True
151,Q2811,Inorganic,False
151,Q2271,Algebra,True
151,Q3119,Reading Comprehension,False
152,Q3133,Reading Comprehension,False
152,Q3232,Reading Comprehension,True
152,Q2091,Algebra,False
152,Q2787,Inorganic,False
152,Q3604,Vocabulary,False
152,Q3309,Vocabulary,False
152,Q3671,Calculus,True
152,Q2242,Algebra,True
152,Q2042,Statistics,False
152,Q3146,Reading Comprehension,False
152,Q2624,Modern Physics,True
152,Q2671,Waves & Optics,True
152,Q2933,Inorganic,False
152,Q3054,Inorganic,False
152,Q2516,Algebra,False
152,Q3194,Reading Comprehension,False
153,Q2809,Mechanics,True
153,Q3347,Vocabulary,False
153,Q3438,Vocabulary,True
153,Q3224,Reading Comprehension,False
153,Q3186,Reading Comprehension,False
153,Q2235,Algebra,True
153,Q2622,Inorganic,False
153,Q3672,Calculus,True
153,Q3170,Reading Comprehension,False
153,Q3181,Reading Comprehension,True
153,Q2975,Mechanics,False
153,Q3330,Vocabulary,True
153,Q2821,Inorganic,False
153,Q2733,Electricity & Magnetism,True
153,Q3237,Reading Comprehension,False
153,Q2879,Mechanics,False
153,Q3057,Reading Comprehension,True
153,Q2977,Waves & Optics,False
153,Q3544,Grammar,True
153,Q3145,Reading Comprehension,False
153,Q2652,Waves & Optics,False
153,Q2316,Algebra,True
153,Q3346,Vocabulary,True
153,Q3013,Inorganic,False
153,Q3099,Reading Comprehension,False
153,Q2128,Algebra,False
153,Q2249,Statistics,True
153,Q3140,Reading Comprehension,False
153,Q2797,Waves & Optics,False
154,Q2949,Waves & Optics,True
154,Q2667,Waves & Optics,True
154,Q3132,Reading Comprehension,False
154,Q3235,Reading Comprehension,False
154,Q3054,Inorganic,True
154,Q3600,Vocabulary,False
154,Q3578,Vocabulary,False
154,Q2407,Statistics,False
154,Q3063,Reading Comprehension,False
154,Q3687,Vocabulary,False
154,Q3059,Reading Comprehension,False
154,Q2349,Statistics,False
154,Q2896,Inorganic,False
154,Q2155,Algebra,False
154,Q3678,Grammar,False
154,Q3164,Reading Comprehension,False
154,Q2533,Algebra,False
154,Q3335,Vocabulary,False
154,Q3596,Vocabulary,False
154,Q3652,Vocabulary,True
155,Q2315,Geometry,True
155,Q2111,Algebra,True
155,Q3343,Vocabulary,True
155,Q3640,Vocabulary,True
155,Q3713,Organic,True
155,Q2674,Inorganic,False
155,Q2099,Algebra,True
155,Q2586,Statistics,False
155,Q2481,Algebra,True
155,Q3470,Vocabulary,True
155,Q3106,Reading Comprehension,True
155,Q2427,Algebra,True
155,Q2551,Statistics,True
155,Q3057,Reading Comprehension,False
155,Q2788,Inorganic,True
155,Q2091,Algebra,True
155,Q3286,Reading Comprehension,True
155,Q2162,Algebra,True
155,Q3151,Reading Comprehension,False
155,Q3175,Reading Comprehension,False
155,Q3455,Vocabulary,True
155,Q2013,Geometry,True
155,Q2773,Inorganic,True
155,Q2980,Inorganic,False
155,Q2460,Algebra,True
155,Q2476,Algebra,True
155,Q3212,Reading Comprehension,True
155,Q2611,Physical Chemistry,True
156,Q2465,Geometry,True
156,Q2706,Inorganic,True
156,Q3485,Vocabulary,True
156,Q2384,Algebra,True
156,Q3329,Vocabulary,False
156,Q2242,Algebra,False
156,Q3672,Calculus,False
156,Q2930,Inorganic,True
156,Q3391,Vocabulary,False
156,Q2842,Inorganic,False
156,Q2673,Inorganic,True
156,Q2770,Inorganic,True
156,Q2944,Mechanics,True
156,Q2348,Algebra,False
156,Q2208,Algebra,False
156,Q2754,Inorganic,True
156,Q2846,Mechanics,True
156,Q2724,Waves & Optics,True
156,Q2652,Waves & Optics,True
156,Q2321,Algebra,True
156,Q3302,Reading Comprehension,False
156,Q3363,Vocabulary,False
156,Q2309,Algebra,True
156,Q3257,Reading Comprehension,False
156,Q3648,Vocabulary,False
156,Q2839,Physical Chemistry,True
157,Q2349,Statistics,True
157,Q2667,Waves & Optics,False
157,Q2990,Mechanics,True
157,Q3718,Inorganic,False
157,Q2102,Statistics,True
157,Q3587,Vocabulary,False
157,Q2299,Algebra,True
157,Q3616,Vocabulary,False
157,Q2105,Statistics,False
157,Q2128,Algebra,False
157,Q3513,Vocabulary,False
157,Q2207,Statistics,True
157,Q2550,Algebra,True
157,Q2948,Inorganic,True
157,Q3325,Vocabulary,False
157,Q3408,Vocabulary,False
157,Q3655,Algebra,True
158,Q2831,Mechanics,True
158,Q2411,Statistics,False
158,Q3579,Vocabulary,False
158,Q2544,Algebra,False
158,Q2540,Algebra,False
158,Q3624,Vocabulary,False
158,Q2359,Statistics,True
158,Q3406,Vocabulary,False
158,Q3163,Reading Comprehension,False
158,Q2486,Algebra,True
158,Q2785,Inorganic,False
158,Q2904,Inorganic,False
158,Q3506,Vocabulary,False
158,Q2295,Algebra,False
158,Q2536,Algebra,False
158,Q2687,Mechanics,True
158,Q2053,Algebra,False
158,Q3063,Reading Comprehension,False
158,Q3444,Vocabulary,False
158,Q2967,Inorganic,False
158,Q3317,Vocabulary,False
158,Q3635,Grammar,False
158,Q2926,Electricity & Magnetism,True
158,Q2065,Algebra,False
158,Q2661,Electricity & Magnetism,True
158,Q2451,Algebra,False
158,Q2942,Electricity & Magnetism,True
159,Q3200,Reading Comprehension,True
159,Q2408,Statistics,True
159,Q3478,Vocabulary,True
159,Q2288,Algebra,True
159,Q3689,Vocabulary,False
159,Q2312,Geometry,True
159,Q3641,Vocabulary,False
159,Q2417,Algebra,True
159,Q2335,Algebra,True
159,Q3468,Vocabulary,False
159,Q2678,Waves & Optics,False
159,Q2108,Algebra,True
159,Q2057,Statistics,False
159,Q2646,Inorganic,False
159,Q3555,Vocabulary,False
159,Q3670,Calculus,True
159,Q2999,Inorganic,False
159,Q3443,Vocabulary,False
160,Q2060,Algebra,False
160,Q3669,Calculus,False
160,Q3624,Vocabulary,True
160,Q3365,Vocabulary,False
160,Q3461,Vocabulary,False
160,Q2865,Mechanics,False
160,Q3539,Vocabulary,False
160,Q2863,Waves & Optics,True
160,Q2756,Mechanics,False
160,Q2415,Algebra,False
160,Q2477,Statistics,True
160,Q2318,Geometry,False
160,Q3330,Vocabulary,False
160,Q2741,Inorganic,True
160,Q2187,Statistics,True
160,Q3587,Vocabulary,False
160,Q3170,Reading Comprehension,False
160,Q2843,Electricity & Magnetism,False
160,Q3264,Reading Comprehension,True
160,Q2698,Waves & Optics,True
160,Q3260,Reading Comprehension,False
160,Q3210,Reading Comprehension,False
160,Q3389,Vocabulary,False
160,Q3584,Vocabulary,True
160,Q3060,Reading Comprehension,False
160,Q3625,Grammar,False
161,Q2785,Inorganic,False
161,Q3032,Inorganic,False
161,Q2215,Trigonometry,False
161,Q3384,Vocabulary,False
161,Q3418,Vocabulary,False
161,Q2144,Algebra,True
161,Q2601,Mechanics,False
161,Q2937,Inorganic,True
161,Q2899,Inorganic,True
161,Q2816,Inorganic,True
161,Q3214,Reading Comprehension,True
161,Q2329,Geometry,False
161,Q2355,Algebra,False
161,Q2650,Mechanics,True
161,Q2451,Algebra,False
161,Q2082,Algebra,False
161,Q2104,Algebra,False
161,Q2800,Inorganic,False
161,Q3663,Geometry,False
162,Q2715,Inorganic,True
162,Q2605,Electricity & Magnetism,True
162,Q2788,Inorganic,False
162,Q2897,Inorganic,True
162,Q3381,Grammar,True
162,Q2414,Geometry,False
162,Q3090,Reading Comprehension,True
162,Q2457,Algebra,False
162,Q2340,Algebra,False
162,Q2511,Algebra,True
162,Q2562,Algebra,False
162,Q3592,Vocabulary,False
162,Q2422,Algebra,True
162,Q3529,Vocabulary,True
162,Q3466,Vocabulary,True
162,Q2157,Algebra,False
162,Q2475,Algebra,True
162,Q2143,Statistics,True
162,Q2575,Algebra,True
162,Q2717,Waves & Optics,False
162,Q3188,Reading Comprehension,False
162,Q3317,Vocabulary,True
162,Q2962,Inorganic,False
162,Q2335,Algebra,True
162,Q3530,Vocabulary,True
163,Q2373,Statistics,False
163,Q3264,Reading Comprehension,False
163,Q2603,Mechanics,True
163,Q3387,Vocabulary,True
163,Q2902,Inorganic,False
163,Q2437,Geometry,True
163,Q2926,Electricity & Magnetism,True
163,Q2287,Algebra,True
163,Q3688,Vocabulary,True
163,Q2474,Algebra,True
163,Q2756,Mechanics,True
163,Q2044,Algebra,True
163,Q3563,Vocabulary,True
163,Q3138,Reading Comprehension,False
163,Q2947,Inorganic,False
163,Q2229,Statistics,True
163,Q2184,Statistics,True
163,Q2997,Inorganic,False
163,Q3343,Vocabulary,False
163,Q2469,Algebra,True
163,Q2385,Statistics,True
163,Q3306,Vocabulary,True
163,Q2897,Inorganic,True
163,Q2532,Algebra,True
163,Q2088,Algebra,True
163,Q2817,Inorganic,True
164,Q2073,Algebra,True
164,Q2368,Algebra,False
164,Q2062,Algebra,False
164,Q3538,Vocabulary,False
164,Q3641,Vocabulary,True
164,Q2916,Mechanics,False
164,Q2718,Inorganic,False
164,Q2346,Algebra,True
164,Q3663,Geometry,False
164,Q3242,Reading Comprehension,True
164,Q3171,Reading Comprehension,True
164,Q3369,Vocabulary,True
164,Q3400,Grammar,False
164,Q2414,Geometry,False
164,Q3298,Reading Comprehension,True
164,Q2319,Algebra,True
164,Q3339,Vocabulary,True
164,Q3714,Organic,False
164,Q2447,Statistics,True
164,Q2939,Inorganic,True
164,Q2441,Algebra,False
164,Q3309,Vocabulary,True
165,Q3224,Reading Comprehension,False
165,Q3003,Inorganic,True
165,Q2748,Electricity & Magnetism,True
165,Q3602,Vocabulary,False
165,Q2008,Algebra,False
165,Q3233,Reading Comprehension,False
165,Q2765,Inorganic,False
165,Q2623,Waves & Optics,True
165,Q3161,Reading Comprehension,False
165,Q2137,Statistics,True
165,Q2168,Statistics,True
165,Q2095,Algebra,False
165,Q2510,Statistics,True
165,Q2412,Algebra,False
165,Q3199,Reading Comprehension,False
165,Q3023,Inorganic,False
165,Q3357,Grammar,False
165,Q2266,Algebra,False
165,Q2680,Mechanics,True
165,Q3200,Reading Comprehension,False
165,Q3493,Vocabulary,False
165,Q2416,Algebra,False
165,Q2446,Algebra,False
165,Q2769,Waves & Optics,True
165,Q2384,Algebra,True
165,Q2424,Algebra,False
165,Q2564,Algebra,False
165,Q2477,Statistics,False
166,Q3709,Modern Physics,True
166,Q2510,Statistics,False
166,Q3119,Reading Comprehension,True
166,Q2240,Algebra,False
166,Q3387,Vocabulary,True
166,Q3670,Calculus,False
166,Q2827,Inorganic,True
166,Q2149,Statistics,False
166,Q3175,Reading Comprehension,True
166,Q2389,Algebra,True
166,Q2508,Algebra,False
166,Q2450,Algebra,False
166,Q3331,Vocabulary,False
166,Q2337,Geometry,False
166,Q2295,Algebra,False
166,Q2063,Algebra,True
166,Q2513,Geometry,False
166,Q2708,Physical Chemistry,True
166,Q2484,Algebra,False
166,Q2367,Geometry,True
166,Q3251,Reading Comprehension,True
166,Q3014,Mechanics,True
166,Q2950,Inorganic,True
166,Q2545,Statistics,False
166,Q3393,Vocabulary,False
166,Q2224,Algebra,False
166,Q2153,Algebra,False
167,Q3122,Reading Comprehension,False
167,Q2489,Algebra,True
167,Q2702,Physical Chemistry,False
167,Q2611,Physical Chemistry,True
167,Q2540,Algebra,True
167,Q3036,Mechanics,False
167,Q2378,Statistics,True
167,Q2004,Algebra,True
167,Q2112,Algebra,False
167,Q2625,Mechanics,False
167,Q2365,Algebra,True
167,Q2141,Algebra,True
167,Q2779,Physical Chemistry,True
167,Q3254,Reading Comprehension,True
167,Q3185,Reading Comprehension,True
167,Q3636,Grammar,False
167,Q3083,Reading Comprehension,False
167,Q2506,Algebra,True
167,Q3343,Vocabulary,True
168,Q3154,Reading Comprehension,False
168,Q2810,Inorganic,True
168,Q3218,Reading Comprehension,False
168,Q2006,Algebra,True
168,Q3419,Vocabulary,True
168,Q2051,Algebra,False
168,Q2926,Electricity & Magnetism,True
168,Q3133,Reading Comprehension,False
168,Q3322,Vocabulary,True
168,Q3176,Reading Comprehension,False
168,Q2662,Inorganic,True
168,Q2861,Electricity & Magnetism,True
168,Q3577,Vocabulary,True
168,Q2508,Algebra,True
168,Q2219,Algebra,True
168,Q2864,Mechanics,False
168,Q3631,Vocabulary,False
168,Q2670,Inorganic,True
168,Q3471,Vocabulary,True
168,Q2876,Electricity & Magnetism,True
168,Q2296,Statistics,True
168,Q2419,Algebra,True
168,Q2335,Algebra,True
168,Q3334,Vocabulary,True
168,Q3691,Writing,False
168,Q3659,Algebra,True
169,Q3422,Vocabulary,True
169,Q3266,Reading Comprehension,True
169,Q2149,Statistics,False
169,Q3278,Reading Comprehension,True
169,Q3439,Vocabulary,False
169,Q2322,Statistics,False
169,Q3189,Reading Comprehension,True
169,Q3525,Grammar,True
169,Q2364,Algebra,True
169,Q2852,Physical Chemistry,False
169,Q3396,Vocabulary,True
169,Q3636,Grammar,True
169,Q3621,Vocabulary,False
169,Q3630,Vocabulary,False
169,Q3484,Vocabulary,False
169,Q2764,Mechanics,True
169,Q2277,Trigonometry,False
169,Q2623,Waves & Optics,True
169,Q3360,Vocabulary,False
169,Q2188,Algebra,True
169,Q3139,Reading Comprehension,True
169,Q3554,Vocabulary,False
169,Q3195,Reading Comprehension,True
169,Q2901,Waves & Optics,False
170,Q3333,Vocabulary,True
170,Q3477,Vocabulary,True
170,Q3645,Vocabulary,True
170,Q3406,Vocabulary,True
170,Q2068,Statistics,False
170,Q2864,Mechanics,False
170,Q3407,Writing,False
170,Q2338,Algebra,False
170,Q2107,Trigonometry,True
170,Q2190,Algebra,True
170,Q2581,Algebra,False
170,Q2115,Algebra,False
170,Q2118,Trigonometry,True
170,Q2411,Statistics,True
170,Q3377,Vocabulary,False
170,Q2617,Mechanics,False
170,Q2094,Algebra,False
171,Q2368,Algebra,True
171,Q3157,Reading Comprehension,False
171,Q2441,Algebra,False
171,Q3626,Grammar,True
171,Q2832,Inorganic,False
171,Q2825,Waves & Optics,False
171,Q2146,Algebra,True
171,Q2665,Waves & Optics,False
171,Q3202,Reading Comprehension,False
171,Q3345,Vocabulary,True
171,Q2066,Statistics,False
171,Q2194,Statistics,True
171,Q2291,Algebra,False
171,Q3462,Vocabulary,True
171,Q3071,Reading Comprehension,True
171,Q3388,Vocabulary,True
171,Q3690,Vocabulary,True
171,Q2953,Waves & Optics,False
171,Q2619,Electricity & Magnetism,True
171,Q3656,Algebra,False
171,Q2820,Mechanics,False
171,Q3064,Reading Comprehension,False
171,Q2136,Algebra,False
172,Q2404,Algebra,False
172,Q2110,Statistics,True
172,Q3666,Trigonometry,False
172,Q2435,Algebra,False
172,Q2249,Statistics,True
172,Q3698,Mechanics,True
172,Q2439,Algebra,False
172,Q2953,Waves & Optics,True
172,Q2058,Algebra,True
172,Q3380,Vocabulary,True
172,Q3710,Organic,False
172,Q2034,Algebra,False
172,Q2366,Algebra,False
172,Q2269,Algebra,False
172,Q3242,Reading Comprehension,True
172,Q2936,Inorganic,False
172,Q2983,Mechanics,True
172,Q2260,Algebra,False
172,Q3583,Vocabulary,False
172,Q2842,Inorganic,False
172,Q2789,Inorganic,False
172,Q2403,Algebra,False
172,Q3723,Physical Chemistry,False
173,Q2582,Algebra,False
173,Q2838,Physical Chemistry,False
173,Q2116,Algebra,False
173,Q3416,Vocabulary,False
173,Q3096,Reading Comprehension,False
173,Q2198,Algebra,True
173,Q2722,Waves & Optics,True
173,Q2946,Electricity & Magnetism,True
173,Q2004,Algebra,True
173,Q3689,Vocabulary,False
173,Q2677,Waves & Optics,False
173,Q2367,Geometry,False
173,Q3500,Vocabulary,True
173,Q3364,Vocabulary,True
173,Q3279,Reading Comprehension,False
173,Q2248,Algebra,True
173,Q2606,Inorganic,False
173,Q2091,Algebra,True
173,Q2676,Inorganic,False
173,Q3400,Grammar,False
173,Q3478,Vocabulary,False
173,Q3406,Vocabulary,True
173,Q2635,Electricity & Magnetism,False
173,Q3097,Reading Comprehension,True
173,Q2624,Modern Physics,False
174,Q3242,Reading Comprehension,True
174,Q2617,Mechanics,False
174,Q2703,Inorganic,True
174,Q3496,Vocabulary,True
174,Q3393,Vocabulary,True
174,Q3421,Vocabulary,True
174,Q3453,Vocabulary,True
174,Q2856,Organic,True
174,Q3148,Reading Comprehension,True
174,Q2952,Mechanics,False
174,Q2406,Algebra,True
174,Q2897,Inorganic,False
174,Q2126,Algebra,False
174,Q3023,Inorganic,True
174,Q3616,Vocabulary,True
174,Q2451,Algebra,False
174,Q3217,Reading Comprehension,True
174,Q3228,Reading Comprehension,True
174,Q3234,Reading Comprehension,True
174,Q2266,Algebra,False
174,Q2571,Algebra,False
174,Q2794,Mechanics,True
174,Q2812,Inorganic,False
174,Q3546,Grammar,False
174,Q2969,Waves & Optics,False
175,Q2866,Inorganic,False
175,Q2826,Inorganic,False
175,Q3055,Electricity & Magnetism,False
175,Q2843,Electricity & Magnetism,False
175,Q2439,Algebra,True
175,Q3303,Reading Comprehension,True
175,Q2062,Algebra,False
175,Q3467,Vocabulary,True
175,Q3548,Vocabulary,False
175,Q3137,Reading Comprehension,True
175,Q2168,Statistics,False
175,Q2113,Algebra,False
175,Q2920,Inorganic,False
175,Q2738,Inorganic,False
175,Q3708,Modern Physics,False
175,Q3465,Vocabulary,False
175,Q2715,Inorganic,False
175,Q3545,Vocabulary,False
175,Q2679,Mechanics,True
176,Q3567,Vocabulary,True
176,Q3696,Mechanics,False
176,Q2599,Inorganic,False
176,Q2180,Algebra,False
176,Q2681,Mechanics,False
176,Q2866,Inorganic,False
176,Q3238,Reading Comprehension,False
176,Q2842,Inorganic,True
176,Q2024,Statistics,True
176,Q3331,Vocabulary,True
176,Q3057,Reading Comprehension,True
176,Q2945,Mechanics,False
176,Q3592,Vocabulary,True
176,Q3156,Reading Comprehension,False
176,Q3078,Reading Comprehension,True
176,Q2364,Algebra,False
177,Q2993,Waves & Optics,True
177,Q3187,Reading Comprehension,True
177,Q2943,Inorganic,False
177,Q3603,Vocabulary,True
177,Q3254,Reading Comprehension,False
177,Q3481,Vocabulary,False
177,Q2304,Algebra,True
177,Q2344,Algebra,True
177,Q2040,Statistics,True
177,Q2767,Mechanics,True
177,Q2360,Algebra,True
177,Q2247,Algebra,True
177,Q2187,Statistics,True
177,Q2614,Electricity & Magnetism,False
177,Q2696,Inorganic,False
177,Q2242,Algebra,True
177,Q2303,Algebra,True
177,Q2540,Algebra,True
177,Q2208,Algebra,True
177,Q2496,Algebra,True
177,Q2569,Algebra,True
177,Q2665,Waves & Optics,True
177,Q2524,Statistics,True
177,Q3305,Vocabulary,False
177,Q3075,Reading Comprehension,False
177,Q3557,Grammar,True
178,Q3704,Waves & Optics,False
178,Q2382,Algebra,True
178,Q2974,Mechanics,True
178,Q2232,Algebra,False
178,Q2901,Waves & Optics,False
178,Q3308,Vocabulary,False
178,Q2536,Algebra,False
178,Q2959,Waves & Optics,True
178,Q3355,Vocabulary,False
178,Q2977,Waves & Optics,True
178,Q3004,Inorganic,False
178,Q2005,Algebra,True
178,Q3711,Organic,True
178,Q2017,Statistics,True
178,Q2438,Algebra,False
178,Q2780,Inorganic,True
178,Q3671,Calculus,False
178,Q2428,Algebra,False
178,Q3575,Vocabulary,False
178,Q2689,Mechanics,True
179,Q2786,Waves & Optics,False
179,Q2247,Algebra,False
179,Q2843,Electricity & Magnetism,False
179,Q2994,Mechanics,False
179,Q3679,Grammar,False
179,Q3506,Vocabulary,False
179,Q2640,Waves & Optics,True
179,Q3325,Vocabulary,False
179,Q3534,Vocabulary,False
179,Q2126,Algebra,False
179,Q3271,Reading Comprehension,True
179,Q3296,Reading Comprehension,True
179,Q2748,Electricity & Magnetism,False
179,Q2077,Algebra,False
179,Q3554,Vocabulary,False
179,Q2229,Statistics,False
179,Q2668,Waves & Optics,False
179,Q2452,Algebra,False
179,Q2754,Inorganic,True
179,Q3139,Reading Comprehension,False
179,Q2803,Mechanics,False
179,Q2986,Mechanics,False
179,Q2258,Statistics,False
179,Q3110,Reading Comprehension,False
179,Q2001,Algebra,False
180,Q3191,Reading Comprehension,True
180,Q2688,Inorganic,True
180,Q2278,Algebra,False
180,Q2698,Waves & Optics,True
180,Q3656,Algebra,True
180,Q2188,Algebra,True
180,Q2840,Physical Chemistry,False
180,Q2499,Algebra,True
180,Q3699,Electricity & Magnetism,False
180,Q3236,Reading Comprehension,False
180,Q2389,Algebra,True
180,Q3476,Vocabulary,True
180,Q3564,Vocabulary,True
180,Q3486,Vocabulary,True
180,Q3200,Reading Comprehension,False
181,Q2621,Mechanics,True
181,Q3635,Grammar,False
181,Q3561,Vocabulary,False
181,Q3045,Inorganic,True
181,Q2564,Algebra,False
181,Q2266,Algebra,False
181,Q2643,Modern Physics,False
181,Q2321,Algebra,False
181,Q2791,Inorganic,True
181,Q2677,Waves & Optics,True
181,Q2601,Mechanics,True
181,Q3122,Reading Comprehension,True
181,Q2140,Statistics,False
181,Q3209,Reading Comprehension,False
181,Q3530,Vocabulary,False
181,Q2076,Algebra,False
181,Q2384,Algebra,False
181,Q3339,Vocabulary,False
181,Q2369,Algebra,False
181,Q3103,Reading Comprehension,False
181,Q3620,Vocabulary,True
181,Q3471,Vocabulary,True
182,Q2506,Algebra,True
182,Q2120,Algebra,True
182,Q2318,Geometry,True
182,Q2670,Inorganic,True
182,Q2122,Algebra,True
182,Q3324,Vocabulary,False
182,Q3235,Reading Comprehension,False
182,Q3444,Vocabulary,False
182,Q3163,Reading Comprehension,False
182,Q2341,Algebra,True
182,Q2942,Electricity & Magnetism,True
182,Q2638,Waves & Optics,True
182,Q3250,Reading Comprehension,False
182,Q3470,Vocabulary,False
182,Q3174,Reading Comprehension,False
182,Q2553,Algebra,False
183,Q2198,Algebra,False
183,Q3483,Vocabulary,False
183,Q2580,Algebra,False
183,Q3690,Vocabulary,False
183,Q2324,Algebra,False
183,Q3232,Reading Comprehension,True
183,Q2195,Algebra,False
183,Q2641,Inorganic,False
183,Q2389,Algebra,False
183,Q3431,Vocabulary,False
183,Q2838,Physical Chemistry,True
183,Q3561,Vocabulary,False
183,Q2052,Algebra,True
183,Q2835,Inorganic,False
183,Q3231,Reading Comprehension,False
183,Q2674,Inorganic,False
183,Q2579,Statistics,True
183,Q2478,Algebra,False
183,Q3393,Vocabulary,False
183,Q2668,Waves & Optics,True
183,Q3468,Vocabulary,False
184,Q2339,Algebra,True
184,Q3267,Reading Comprehension,True
184,Q3629,Vocabulary,True
184,Q3299,Reading Comprehension,True
184,Q2225,Statistics,True
184,Q2847,Physical Chemistry,True
184,Q3553,Vocabulary,True
184,Q2979,Mechanics,True
184,Q3313,Vocabulary,True
184,Q3361,Vocabulary,True
184,Q3160,Reading Comprehension,False
184,Q3100,Reading Comprehension,True
184,Q2126,Algebra,True
184,Q2173,Algebra,True
184,Q2278,Algebra,True
185,Q2979,Mechanics,False
185,Q3064,Reading Comprehension,True
185,Q2671,Waves & Optics,False
185,Q3090,Reading Comprehension,True
185,Q2838,Physical Chemistry,True
185,Q2187,Statistics,True
185,Q3466,Vocabulary,False
185,Q3454,Vocabulary,True
185,Q2399,Statistics,True
185,Q2739,Inorganic,True
185,Q3621,Vocabulary,True
185,Q3618,Grammar,True
185,Q2721,Inorganic,False
185,Q3579,Vocabulary,True
185,Q3545,Vocabulary,False
185,Q2355,Algebra,False
185,Q2423,Algebra,False
185,Q2073,Algebra,False
186,Q2035,Statistics,False
186,Q2698,Waves & Optics,False
186,Q2611,Physical Chemistry,True
186,Q2205,Statistics,True
186,Q3601,Vocabulary,False
186,Q3183,Reading Comprehension,True
186,Q2357,Statistics,True
186,Q3127,Reading Comprehension,True
186,Q2187,Statistics,False
186,Q2653,Inorganic,False
186,Q3236,Reading Comprehension,True
186,Q3578,Vocabulary,False
186,Q3012,Mechanics,True
186,Q3718,Inorganic,False
186,Q2152,Statistics,True
186,Q3169,Reading Comprehension,True
186,Q3455,Vocabulary,False
186,Q3388,Vocabulary,True
186,Q3224,Reading Comprehension,True
186,Q3289,Reading Comprehension,False
187,Q3115,Reading Comprehension,True
187,Q2475,Algebra,True
187,Q2903,Mechanics,False
187,Q3320,Vocabulary,True
187,Q3205,Reading Comprehension,False
187,Q2690,Inorganic,False
187,Q2520,Algebra,True
187,Q2539,Statistics,True
187,Q3660,Geometry,False
187,Q2549,Statistics,True
187,Q3048,Mechanics,True
187,Q3186,Reading Comprehension,False
187,Q3183,Reading Comprehension,True
187,Q3171,Reading Comprehension,False
187,Q3359,Vocabulary,False
187,Q2746,Mechanics,False
187,Q2208,Algebra,True
187,Q2144,Algebra,True
187,Q2931,Mechanics,False
187,Q2594,Mechanics,False
187,Q2336,Algebra,True
187,Q2804,Mechanics,False
187,Q3164,Reading Comprehension,False
188,Q3344,Vocabulary,False
188,Q3173,Reading Comprehension,False
188,Q3708,Modern Physics,True
188,Q2968,Electricity & Magnetism,False
188,Q2111,Algebra,False
188,Q2205,Statistics,False
188,Q2788,Inorganic,True
188,Q3484,Vocabulary,False
188,Q2583,Algebra,False
188,Q2784,Inorganic,False
188,Q3585,Vocabulary,False
188,Q2478,Algebra,False
188,Q3561,Vocabulary,True
188,Q2724,Waves & Optics,False
188,Q2443,Algebra,False
188,Q3190,Reading Comprehension,True
189,Q2960,Mechanics,True
189,Q3224,Reading Comprehension,True
189,Q2215,Trigonometry,False
189,Q2817,Inorganic,True
189,Q3316,Vocabulary,False
189,Q2371,Statistics,False
189,Q2129,Statistics,True
189,Q3587,Vocabulary,False
189,Q2243,Statistics,True
189,Q2812,Inorganic,False
189,Q2936,Inorganic,False
189,Q2174,Algebra,True
189,Q2367,Geometry,True
189,Q3141,Reading Comprehension,True
189,Q3300,Reading Comprehension,False
190,Q2514,Statistics,True
190,Q3664,Geometry,False
190,Q2589,Geometry,False
190,Q2202,Algebra,True
190,Q2061,Algebra,True
190,Q3291,Reading Comprehension,True
190,Q2649,Inorganic,False
190,Q3534,Vocabulary,True
190,Q3514,Vocabulary,True
190,Q2536,Algebra,True
190,Q2319,Algebra,False
190,Q2216,Statistics,True
190,Q3118,Reading Comprehension,True
190,Q3009,Mechanics,False
190,Q3288,Reading Comprehension,False
190,Q2498,Algebra,False
190,Q3532,Vocabulary,True
190,Q2122,Algebra,True
190,Q3329,Vocabulary,True
190,Q2432,Algebra,True
190,Q2467,Statistics,True
190,Q3465,Vocabulary,True
190,Q2758,Inorganic,False
190,Q2080,Statistics,False
190,Q3518,Vocabulary,True
190,Q2977,Waves & Optics,True
190,Q3397,Vocabulary,True
191,Q3454,Vocabulary,False
191,Q2248,Algebra,True
191,Q2793,Inorganic,False
191,Q2842,Inorganic,False
191,Q2066,Statistics,True
191,Q2745,Inorganic,False
191,Q2219,Algebra,False
191,Q2828,Inorganic,False
191,Q2281,Algebra,False
191,Q2547,Algebra,True
191,Q2650,Mechanics,False
191,Q2870,Waves & Optics,True
191,Q3719,Inorganic,False
191,Q2660,Inorganic,False
191,Q2767,Mechanics,False
191,Q3360,Vocabulary,True
191,Q2313,Algebra,False
191,Q3409,Vocabulary,True
191,Q3576,Vocabulary,True
191,Q2690,Inorganic,True
191,Q3285,Reading Comprehension,False
191,Q2043,Algebra,True
191,Q3687,Vocabulary,True
191,Q2839,Physical Chemistry,True
191,Q3047,Inorganic,False
191,Q3120,Reading Comprehension,False
191,Q2030,Algebra,True
191,Q3433,Vocabulary,True
192,Q2086,Algebra,False
192,Q2078,Statistics,False
192,Q3479,Grammar,False
192,Q3484,Vocabulary,True
192,Q3353,Vocabulary,False
192,Q2318,Geometry,True
192,Q2109,Algebra,True
192,Q2114,Algebra,False
192,Q3562,Vocabulary,True
192,Q3435,Vocabulary,True
192,Q2635,Electricity & Magnetism,False
192,Q2651,Mechanics,True
192,Q3647,Vocabulary,True
192,Q3220,Reading Comprehension,False
192,Q2128,Algebra,True
192,Q2826,Inorganic,False
192,Q3117,Reading Comprehension,False
192,Q2231,Algebra,False
192,Q2116,Algebra,False
192,Q2431,Statistics,True
192,Q3059,Reading Comprehension,False
192,Q3660,Geometry,True
192,Q3135,Reading Comprehension,True
192,Q3593,Vocabulary,True
192,Q3397,Vocabulary,True
192,Q2009,Geometry,False
192,Q3362,Grammar,False
192,Q2312,Geometry,True
192,Q2746,Mechanics,False
193,Q2466,Statistics,True
193,Q2225,Statistics,False
193,Q2086,Algebra,True
193,Q3277,Reading Comprehension,False
193,Q3432,Vocabulary,False
193,Q3092,Reading Comprehension,False
193,Q2391,Statistics,False
193,Q2812,Inorganic,True
193,Q3233,Reading Comprehension,True
193,Q2580,Algebra,True
193,Q3575,Vocabulary,False
193,Q2670,Inorganic,True
193,Q2838,Physical Chemistry,False
193,Q2219,Algebra,True
193,Q2356,Algebra,True
193,Q3226,Reading Comprehension,False
193,Q2509,Algebra,True
193,Q2490,Algebra,True
194,Q2054,Algebra,False
194,Q3665,Trigonometry,False
194,Q2891,Waves & Optics,True
194,Q3536,Vocabulary,False
194,Q2809,Mechanics,True
194,Q3262,Reading Comprehension,False
194,Q3633,Vocabulary,False
194,Q2020,Statistics,False
194,Q3405,Vocabulary,False
194,Q2243,Statistics,True
194,Q3371,Vocabulary,False
194,Q2209,Algebra,False
194,Q3122,Reading Comprehension,False
194,Q2075,Geometry,False
194,Q2874,Mechanics,True
195,Q3150,Reading Comprehension,False
195,Q3084,Reading Comprehension,True
195,Q2894,Mechanics,True
195,Q3007,Mechanics,True
195,Q3308,Vocabulary,True
195,Q2069,Algebra,True
195,Q2434,Algebra,False
195,Q2164,Geometry,False
195,Q3256,Reading Comprehension,False
195,Q2393,Algebra,False
195,Q2085,Statistics,True
195,Q3583,Vocabulary,True
195,Q3048,Mechanics,True
195,Q2391,Statistics,True
195,Q2543,Algebra,False
195,Q2428,Algebra,False
195,Q3039,Inorganic,False
195,Q2849,Physical Chemistry,False
195,Q3061,Reading Comprehension,False
195,Q3339,Vocabulary,True
195,Q2638,Waves & Optics,True
195,Q2524,Statistics,True
195,Q2729,Mechanics,True
195,Q3027,Physical Chemistry,True
195,Q2081,Algebra,True
195,Q2542,Algebra,False
195,Q2590,Algebra,False
195,Q3372,Vocabulary,False
195,Q2163,Algebra,False
196,Q3235,Reading Comprehension,True
196,Q3047,Inorganic,True
196,Q2787,Inorganic,True
196,Q2253,Algebra,True
196,Q2382,Algebra,True
196,Q2052,Algebra,True
196,Q2378,Statistics,True
196,Q3335,Vocabulary,True
196,Q2283,Algebra,True
196,Q2271,Algebra,True
196,Q3697,Mechanics,False
196,Q3667,Trigonometry,True
196,Q2337,Geometry,True
196,Q2620,Mechanics,False
196,Q2748,Electricity & Magnetism,False
196,Q3118,Reading Comprehension,False
196,Q3426,Grammar,False
196,Q2935,Mechanics,False
196,Q3001,Mechanics,False
196,Q2445,Algebra,True
196,Q2749,Waves & Optics,True
196,Q2708,Physical Chemistry,False
197,Q2698,Waves & Optics,False
197,Q2750,Modern Physics,False
197,Q2477,Statistics,False
197,Q2205,Statistics,True
197,Q2308,Geometry,False
197,Q2147,Trigonometry,False
197,Q2539,Statistics,False
197,Q2487,Algebra,False
197,Q2680,Mechanics,True
197,Q2151,Algebra,False
197,Q2420,Algebra,False
197,Q2269,Algebra,False
197,Q2573,Algebra,False
197,Q2366,Algebra,False
197,Q2278,Algebra,False
197,Q2599,Inorganic,True
197,Q2068,Statistics,False
197,Q2525,Statistics,False
197,Q2476,Algebra,False
197,Q3715,Inorganic,True
197,Q3043,Inorganic,True
197,Q2816,Inorganic,True
197,Q3625,Grammar,True
197,Q3355,Vocabulary,True
197,Q2788,Inorganic,True
197,Q2650,Mechanics,False
197,Q2245,Algebra,False
198,Q2014,Statistics,True
198,Q3672,Calculus,False
198,Q3223,Reading Comprehension,True
198,Q2732,Inorganic,False
198,Q3300,Reading Comprehension,True
198,Q3110,Reading Comprehension,True
198,Q2166,Geometry,False
198,Q2678,Waves & Optics,True
198,Q2371,Statistics,True
198,Q2342,Algebra,False
198,Q3563,Vocabulary,False
198,Q2625,Mechanics,True
198,Q2739,Inorganic,False
198,Q2307,Algebra,True
198,Q3169,Reading Comprehension,True
198,Q2145,Algebra,True
198,Q2896,Inorganic,False
198,Q2738,Inorganic,False
198,Q3003,Inorganic,False
198,Q3483,Vocabulary,True
198,Q2912,Inorganic,False
198,Q3378,Vocabulary,True
198,Q3079,Reading Comprehension,False
198,Q3469,Grammar,True
198,Q3458,Vocabulary,True
199,Q2519,Algebra,False
199,Q2179,Algebra,False
199,Q2092,Statistics,True
199,Q2665,Waves & Optics,True
199,Q2265,Statistics,True
199,Q2886,Inorganic,False
199,Q3512,Vocabulary,False
199,Q2207,Statistics,True
199,Q3325,Vocabulary,False
199,Q2875,Waves & Optics,False
199,Q2807,Mechanics,True
199,Q2406,Algebra,False
199,Q3001,Mechanics,True
199,Q2268,Algebra,True
199,Q2217,Algebra,False
199,Q2867,Inorganic,True
199,Q2642,Mechanics,True
199,Q2823,Inorganic,True
199,Q3678,Grammar,False
199,Q2890,Inorganic,True
199,Q3004,Inorganic,True
199,Q2885,Waves & Optics,False
199,Q3266,Reading Comprehension,False
200,Q3175,Reading Comprehension,False
200,Q2232,Algebra,False
200,Q3308,Vocabulary,True
200,Q3610,Vocabulary,True
200,Q2468,Algebra,True
200,Q2298,Statistics,False
200,Q3307,Vocabulary,True
200,Q2930,Inorganic,True
200,Q3515,Vocabulary,True
200,Q3559,Vocabulary,True
200,Q3088,Reading Comprehension,False
200,Q3521,Vocabulary,True
200,Q3485,Vocabulary,False
200,Q2256,Trigonometry,True
200,Q2681,Mechanics,False
200,Q2624,Modern Physics,True
200,Q3656,Algebra,False
200,Q2273,Algebra,False
200,Q3232,Reading Comprehension,False
200,Q2357,Statistics,False
200,Q2120,Algebra,False
201,Q3174,Reading Comprehension,True
201,Q2293,Algebra,False
201,Q3166,Reading Comprehension,True
201,Q3671,Calculus,False
201,Q2686,Mechanics,False
201,Q2197,Algebra,False
201,Q3048,Mechanics,True
201,Q3491,Vocabulary,False
201,Q3310,Vocabulary,True
201,Q3374,Vocabulary,True
201,Q2089,Statistics,False
201,Q2711,Inorganic,False
201,Q3069,Reading Comprehension,True
201,Q2938,Inorganic,True
201,Q2585,Algebra,False
201,Q2043,Algebra,False
201,Q3304,Vocabulary,False
201,Q2165,Algebra,False
201,Q2601,Mechanics,True
201,Q2526,Algebra,False
201,Q3673,Statistics,False
201,Q2764,Mechanics,False
201,Q3503,Vocabulary,True
201,Q2574,Algebra,False
202,Q2891,Waves & Optics,False
202,Q2712,Inorganic,True
202,Q3597,Vocabulary,True
202,Q3269,Reading Comprehension,False
202,Q2511,Algebra,False
202,Q3051,Electricity & Magnetism,False
202,Q2485,Algebra,False
202,Q2705,Electricity & Magnetism,False
202,Q2321,Algebra,True
202,Q2445,Algebra,False
202,Q2300,Algebra,False
202,Q3364,Vocabulary,False
202,Q2265,Statistics,True
202,Q2402,Algebra,False
202,Q2530,Algebra,False
202,Q2232,Algebra,False
202,Q3715,Inorganic,True
202,Q2116,Algebra,False
202,Q2528,Algebra,False
202,Q2767,Mechanics,False
202,Q2575,Algebra,False
202,Q2000,Statistics,True
202,Q2907,Electricity & Magnetism,False
202,Q2120,Algebra,True
202,Q2318,Geometry,False
202,Q2587,Algebra,False
202,Q3355,Vocabulary,True
202,Q2078,Statistics,False
203,Q2119,Algebra,False
203,Q2811,Inorganic,False
203,Q2420,Algebra,False
203,Q2282,Algebra,False
203,Q3101,Reading Comprehension,False
203,Q2798,Inorganic,True
203,Q3674,Statistics,False
203,Q2387,Statistics,True
203,Q3257,Reading Comprehension,True
203,Q3458,Vocabulary,False
203,Q2452,Algebra,False
203,Q2618,Waves & Optics,True
203,Q2583,Algebra,True
203,Q3363,Vocabulary,False
203,Q2596,Mechanics,False
203,Q2550,Algebra,False
203,Q3604,Vocabulary,False
203,Q2176,Statistics,False
203,Q3185,Reading Comprehension,False
203,Q3402,Vocabulary,True
203,Q2217,Algebra,True
203,Q2723,Inorganic,False
203,Q3472,Vocabulary,True
203,Q3217,Reading Comprehension,False
203,Q3320,Vocabulary,False
203,Q2111,Algebra,False
203,Q3357,Grammar,False
204,Q3509,Vocabulary,True
204,Q3499,Vocabulary,True
204,Q3362,Grammar,True
204,Q3536,Vocabulary,True
204,Q3275,Reading Comprehension,False
204,Q3496,Vocabulary,False
204,Q3262,Reading Comprehension,True
204,Q2334,Statistics,True
204,Q2456,Algebra,True
204,Q2518,Geometry,True
204,Q3103,Reading Comprehension,True
204,Q2908,Electricity & Magnetism,False
204,Q3099,Reading Comprehension,True
204,Q3634,Vocabulary,True
204,Q2420,Algebra,False
204,Q2210,Algebra,False
204,Q2098,Trigonometry,False
204,Q2294,Algebra,True
204,Q3048,Mechanics,True
204,Q3018,Mechanics,True
204,Q2038,Geometry,False
204,Q2944,Mechanics,False
204,Q2861,Electricity & Magnetism,False
205,Q2216,Statistics,False
205,Q2974,Mechanics,True
205,Q2067,Algebra,False
205,Q2334,Statistics,False
205,Q3534,Vocabulary,False
205,Q3628,Grammar,False
205,Q2623,Waves & Optics,False
205,Q2596,Mechanics,True
205,Q3127,Reading Comprehension,True
205,Q2280,Algebra,False
205,Q2114,Algebra,True
205,Q2517,Algebra,True
205,Q2989,Mechanics,True
205,Q2469,Algebra,True
205,Q3129,Reading Comprehension,True
205,Q3520,Vocabulary,True
205,Q3071,Reading Comprehension,True
205,Q3265,Reading Comprehension,True
205,Q2037,Statistics,False
205,Q3543,Vocabulary,True
205,Q2725,Inorganic,True
205,Q2162,Algebra,False
206,Q3584,Vocabulary,False
206,Q2032,Statistics,True
206,Q2192,Algebra,True
206,Q2294,Algebra,False
206,Q3636,Grammar,True
206,Q3466,Vocabulary,False
206,Q2272,Algebra,False
206,Q3110,Reading Comprehension,False
206,Q2486,Algebra,False
206,Q2907,Electricity & Magnetism,False
206,Q3472,Vocabulary,False
206,Q2575,Algebra,False
206,Q2357,Statistics,False
206,Q2613,Electricity & Magnetism,False
206,Q2515,Algebra,False
206,Q2425,Algebra,False
206,Q3133,Reading Comprehension,False
206,Q3024,Inorganic,False
206,Q3490,Vocabulary,False
206,Q3403,Vocabulary,False
206,Q2123,Algebra,False
206,Q3218,Reading Comprehension,False
206,Q3205,Reading Comprehension,False
206,Q2812,Inorganic,True
206,Q2467,Statistics,True
206,Q2616,Inorganic,False
206,Q2248,Algebra,False
206,Q3360,Vocabulary,False
206,Q3045,Inorganic,False
207,Q3454,Vocabulary,True
207,Q3045,Inorganic,True
207,Q2658,Inorganic,True
207,Q2290,Algebra,True
207,Q3260,Reading Comprehension,True
207,Q2348,Algebra,True
207,Q2977,Waves & Optics,True
207,Q2492,Algebra,True
207,Q3596,Vocabulary,True
207,Q2273,Algebra,True
207,Q3063,Reading Comprehension,False
207,Q2378,Statistics,True
207,Q3361,Vocabulary,False
207,Q3288,Reading Comprehension,True
207,Q2377,Algebra,True
207,Q3036,Mechanics,False
207,Q2703,Inorganic,True
207,Q2409,Algebra,True
208,Q3330,Vocabulary,True
208,Q2681,Mechanics,False
208,Q2512,Algebra,False
208,Q2890,Inorganic,True
208,Q2032,Statistics,True
208,Q3362,Grammar,True
208,Q3669,Calculus,False
208,Q3212,Reading Comprehension,True
208,Q3483,Vocabulary,True
208,Q3201,Reading Comprehension,False
208,Q3174,Reading Comprehension,False
208,Q3606,Grammar,False
208,Q2536,Algebra,False
208,Q3050,Mechanics,False
208,Q3543,Vocabulary,True
208,Q3477,Vocabulary,False
208,Q2956,Inorganic,False
208,Q3305,Vocabulary,True
208,Q2582,Algebra,True
208,Q3017,Waves & Optics,True
208,Q2220,Algebra,False
208,Q2535,Algebra,False
208,Q3644,Vocabulary,True
208,Q3570,Vocabulary,True
208,Q3676,Statistics,True
208,Q2200,Algebra,False
209,Q2923,Waves & Optics,False
209,Q2560,Algebra,True
209,Q3633,Vocabulary,True
209,Q2411,Statistics,True
209,Q2409,Algebra,True
209,Q2520,Algebra,True
209,Q2962,Inorganic,True
209,Q3403,Vocabulary,True
209,Q3073,Reading Comprehension,True
209,Q3440,Vocabulary,True
209,Q2415,Algebra,True
209,Q2559,Algebra,True
209,Q3398,Vocabulary,True
209,Q2953,Waves & Optics,False
209,Q3090,Reading Comprehension,False
209,Q3406,Vocabulary,True
209,Q2211,Statistics,True
209,Q3227,Reading Comprehension,False
209,Q2237,Algebra,True
209,Q3248,Reading Comprehension,False
209,Q2490,Algebra,True
209,Q2625,Mechanics,True
209,Q2181,Algebra,True
209,Q2427,Algebra,True
209,Q2581,Algebra,True
209,Q3077,Reading Comprehension,True
209,Q3345,Vocabulary,True
209,Q2433,Algebra,True
209,Q3672,Calculus,True
210,Q3021,Waves & Optics,False
210,Q2435,Algebra,True
210,Q3696,Mechanics,False
210,Q2658,Inorganic,False
210,Q2746,Mechanics,False
210,Q3056,Electricity & Magnetism,False
210,Q2506,Algebra,False
210,Q2050,Algebra,False
210,Q2343,Algebra,True
210,Q3330,Vocabulary,False
210,Q2361,Statistics,True
210,Q2899,Inorganic,False
210,Q2866,Inorganic,False
210,Q2376,Algebra,True
210,Q3117,Reading Comprehension,True
210,Q3698,Mechanics,True
210,Q3576,Vocabulary,True
210,Q3143,Reading Comprehension,False
210,Q2456,Algebra,False
210,Q3158,Reading Comprehension,False
211,Q2027,Statistics,False
211,Q2788,Inorganic,True
211,Q2821,Inorganic,False
211,Q3593,Vocabulary,False
211,Q2802,Mechanics,True
211,Q2704,Inorganic,True
211,Q2524,Statistics,False
211,Q2826,Inorganic,True
211,Q2993,Waves & Optics,False
211,Q2496,Algebra,False
211,Q2827,Inorganic,True
211,Q2966,Inorganic,True
211,Q3142,Reading Comprehension,True
211,Q2997,Inorganic,False
211,Q3443,Vocabulary,True
211,Q3556,Vocabulary,True
211,Q3438,Vocabulary,True
212,Q2873,Mechanics,True
212,Q3587,Vocabulary,True
212,Q2079,Geometry,True
212,Q2554,Algebra,True
212,Q3325,Vocabulary,False
212,Q3140,Reading Comprehension,True
212,Q2577,Algebra,True
212,Q2660,Inorganic,True
212,Q2619,Electricity & Magnetism,True
212,Q2740,Inorganic,True
212,Q3584,Vocabulary,False
212,Q3357,Grammar,False
212,Q3025,Inorganic,True
212,Q2408,Statistics,False
212,Q2772,Inorganic,True
212,Q2920,Inorganic,True
212,Q2316,Algebra,False
212,Q2724,Waves & Optics,False
212,Q3460,Grammar,True
212,Q2091,Algebra,True
212,Q2314,Statistics,False
212,Q3056,Electricity & Magnetism,True
212,Q3632,Vocabulary,True
213,Q3594,Vocabulary,False
213,Q3576,Vocabulary,False
213,Q2415,Algebra,True
213,Q2899,Inorganic,True
213,Q2114,Algebra,True
213,Q3174,Reading Comprehension,True
213,Q3072,Reading Comprehension,True
213,Q2430,Algebra,True
213,Q2535,Algebra,True
213,Q2280,Algebra,True
213,Q3031,Inorganic,False
213,Q3385,Vocabulary,False
213,Q2158,Algebra,True
213,Q2389,Algebra,True
213,Q2718,Inorganic,False
213,Q2222,Algebra,True
213,Q2066,Statistics,True
213,Q2002,Algebra,True
213,Q2162,Algebra,True
213,Q2868,Inorganic,False
213,Q2932,Mechanics,True
213,Q2903,Mechanics,True
213,Q3420,Vocabulary,True
213,Q3122,Reading Comprehension,True
214,Q2998,Inorganic,True
214,Q2181,Algebra,True
214,Q3472,Vocabulary,False
214,Q2464,Geometry,False
214,Q2174,Algebra,True
214,Q3315,Vocabulary,False
214,Q2276,Algebra,False
214,Q3490,Vocabulary,False
214,Q3113,Reading Comprehension,False
214,Q2217,Algebra,True
214,Q2569,Algebra,False
214,Q2797,Waves & Optics,False
214,Q3191,Reading Comprehension,False
214,Q2168,Statistics,True
214,Q3018,Mechanics,True
214,Q3553,Vocabulary,True
214,Q2967,Inorganic,True
214,Q3711,Organic,True
214,Q2301,Algebra,True
214,Q2655,Inorganic,True
214,Q2223,Algebra,False
214,Q2570,Algebra,False
214,Q2487,Algebra,False
215,Q2400,Algebra,True
215,Q3587,Vocabulary,False
215,Q2325,Geometry,False
215,Q2511,Algebra,True
215,Q2141,Algebra,True
215,Q3362,Grammar,False
215,Q3221,Reading Comprehension,True
215,Q2447,Statistics,False
215,Q3323,Grammar,True
215,Q2390,Geometry,True
215,Q2103,Geometry,False
215,Q3473,Vocabulary,False
215,Q3605,Vocabulary,False
215,Q2890,Inorganic,True
215,Q2030,Algebra,True
215,Q3102,Reading Comprehension,False
215,Q2275,Trigonometry,False
215,Q3495,Vocabulary,False
215,Q3188,Reading Comprehension,False
215,Q3046,Inorganic,False
215,Q3322,Vocabulary,False
215,Q3635,Grammar,True
215,Q2026,Geometry,False
215,Q3202,Reading Comprehension,False
215,Q3393,Vocabulary,False
215,Q3705,Waves & Optics,False
215,Q2857,Mechanics,True
215,Q2583,Algebra,True
215,Q3191,Reading Comprehension,True
216,Q2250,Algebra,False
216,Q3645,Vocabulary,True
216,Q2188,Algebra,False
216,Q2029,Algebra,False
216,Q2358,Algebra,False
216,Q2150,Algebra,False
216,Q2909,Electricity & Magnetism,True
216,Q3096,Reading Comprehension,False
216,Q3147,Reading Comprehension,False
216,Q3458,Vocabulary,False
216,Q2365,Algebra,False
216,Q2996,Mechanics,True
216,Q3351,Vocabulary,True
216,Q3011,Mechanics,True
216,Q2291,Algebra,True
217,Q3102,Reading Comprehension,False
217,Q2401,Algebra,False
217,Q3254,Reading Comprehension,False
217,Q2364,Algebra,False
217,Q2408,Statistics,True
217,Q3275,Reading Comprehension,False
217,Q3119,Reading Comprehension,False
217,Q2117,Algebra,False
217,Q2012,Algebra,False
217,Q2336,Algebra,False
217,Q2980,Inorganic,True
217,Q3619,Vocabulary,False
217,Q3627,Vocabulary,False
217,Q3705,Waves & Optics,False
217,Q3139,Reading Comprehension,False
217,Q3377,Vocabulary,False
217,Q2455,Algebra,False
217,Q3453,Vocabulary,False
217,Q3226,Reading Comprehension,False
217,Q3547,Vocabulary,False
217,Q2828,Inorganic,True
217,Q3437,Vocabulary,False
217,Q2697,Mechanics,True
217,Q3331,Vocabulary,False
217,Q3336,Vocabulary,False
217,Q2223,Algebra,False
218,Q2494,Statistics,True
218,Q2085,Statistics,True
218,Q2907,Electricity & Magnetism,False
218,Q2838,Physical Chemistry,False
218,Q2485,Algebra,True
218,Q2162,Algebra,True
218,Q2496,Algebra,False
218,Q3636,Grammar,True
218,Q2722,Waves & Optics,True
218,Q3660,Geometry,False
218,Q2364,Algebra,False
218,Q2057,Statistics,True
218,Q2372,Algebra,False
218,Q2117,Algebra,True
218,Q3080,Reading Comprehension,False
218,Q2611,Physical Chemistry,True
219,Q2624,Modern Physics,True
219,Q2904,Inorganic,False
219,Q2401,Algebra,False
219,Q2287,Algebra,False
219,Q2231,Algebra,False
219,Q2647,Waves & Optics,True
219,Q3586,Vocabulary,False
219,Q2174,Algebra,False
219,Q2956,Inorganic,True
219,Q2597,Mechanics,True
219,Q3605,Vocabulary,True
219,Q3222,Reading Comprehension,True
219,Q2182,Algebra,False
219,Q3168,Reading Comprehension,True
219,Q2856,Organic,False
219,Q3661,Geometry,False
219,Q2733,Electricity & Magnetism,True
219,Q3146,Reading Comprehension,True
219,Q2009,Geometry,False
219,Q2154,Statistics,True
219,Q2952,Mechanics,True
219,Q2883,Waves & Optics,False
219,Q2755,Inorganic,True
219,Q3341,Vocabulary,False
219,Q2875,Waves & Optics,False
219,Q3005,Waves & Optics,True
219,Q2760,Inorganic,False
220,Q3436,Vocabulary,True
220,Q3318,Vocabulary,False
220,Q3579,Vocabulary,False
220,Q3230,Reading Comprehension,False
220,Q3452,Vocabulary,True
220,Q2755,Inorganic,True
220,Q3528,Vocabulary,True
220,Q2658,Inorganic,False
220,Q3510,Vocabulary,True
220,Q3245,Reading Comprehension,False
220,Q2046,Algebra,False
220,Q2540,Algebra,False
220,Q3205,Reading Comprehension,True
220,Q2956,Inorganic,True
220,Q3226,Reading Comprehension,False
220,Q3465,Vocabulary,True
220,Q2614,Electricity & Magnetism,False
220,Q2502,Algebra,True
220,Q3620,Vocabulary,False
220,Q3210,Reading Comprehension,False
220,Q3291,Reading Comprehension,False
220,Q3164,Reading Comprehension,False
220,Q3283,Reading Comprehension,True
220,Q3383,Vocabulary,False
220,Q3578,Vocabulary,True
220,Q2186,Algebra,False
220,Q2897,Inorganic,False
220,Q2308,Geometry,False
221,Q2799,Waves & Optics,True
221,Q3357,Grammar,True
221,Q2191,Statistics,False
221,Q3439,Vocabulary,True
221,Q2888,Mechanics,True
221,Q3291,Reading Comprehension,False
221,Q3428,Vocabulary,True
221,Q2534,Algebra,False
221,Q2065,Algebra,True
221,Q2087,Statistics,False
221,Q2352,Algebra,True
221,Q3017,Waves & Optics,False
221,Q2048,Algebra,True
221,Q3675,Statistics,False
221,Q2381,Statistics,False
221,Q2220,Algebra,True
222,Q3002,Mechanics,True
222,Q2939,Inorganic,False
222,Q3234,Reading Comprehension,True
222,Q3168,Reading Comprehension,True
222,Q2329,Geometry,True
222,Q3627,Vocabulary,True
222,Q3433,Vocabulary,False
222,Q2828,Inorganic,False
222,Q2626,Electricity & Magnetism,False
222,Q2025,Geometry,True
222,Q2944,Mechanics,False
222,Q2755,Inorganic,False
222,Q3410,Vocabulary,False
222,Q2310,Statistics,False
222,Q3218,Reading Comprehension,False
222,Q2793,Inorganic,False
222,Q3299,Reading Comprehension,True
222,Q2762,Waves & Optics,True
222,Q3684,Reading Comprehension,True
222,Q3233,Reading Comprehension,True
222,Q3606,Grammar,True
222,Q2399,Statistics,False
222,Q2132,Algebra,False
222,Q3408,Vocabulary,True
222,Q2892,Waves & Optics,True
222,Q3682,Reading Comprehension,True
222,Q2336,Algebra,True
222,Q2175,Algebra,True
223,Q3394,Vocabulary,False
223,Q2078,Statistics,True
223,Q2713,Inorganic,False
223,Q3502,Vocabulary,False
223,Q3532,Vocabulary,True
223,Q2171,Algebra,False
223,Q3448,Vocabulary,False
223,Q2508,Algebra,True
223,Q3471,Vocabulary,False
223,Q2015,Algebra,True
223,Q2202,Algebra,True
223,Q2559,Algebra,True
223,Q2073,Algebra,False
223,Q2390,Geometry,True
223,Q2744,Inorganic,False
223,Q2560,Algebra,False
223,Q2692,Mechanics,True
223,Q3209,Reading Comprehension,False
224,Q3398,Vocabulary,True
224,Q2231,Algebra,True
224,Q2935,Mechanics,True
224,Q3061,Reading Comprehension,True
224,Q2784,Inorganic,False
224,Q2733,Electricity & Magnetism,False
224,Q2785,Inorganic,False
224,Q2358,Algebra,False
224,Q2631,Inorganic,False
224,Q3038,Inorganic,False
224,Q2234,Algebra,True
224,Q2650,Mechanics,True
224,Q2315,Geometry,True
224,Q3706,Waves & Optics,False
224,Q2273,Algebra,True
224,Q2183,Statistics,True
224,Q3340,Vocabulary,False
224,Q3600,Vocabulary,True
224,Q3172,Reading Comprehension,True
224,Q2172,Statistics,True
224,Q2376,Algebra,True
224,Q2814,Inorganic,False
224,Q3631,Vocabulary,True
224,Q3265,Reading Comprehension,True
224,Q2350,Algebra,True
224,Q3239,Reading Comprehension,False
225,Q2989,Mechanics,False
225,Q2832,Inorganic,True
225,Q2159,Statistics,True
225,Q3099,Reading Comprehension,True
225,Q2864,Mechanics,False
225,Q3581,Vocabulary,False
225,Q2011,Geometry,True
225,Q3190,Reading Comprehension,True
225,Q2466,Statistics,False
225,Q2457,Algebra,True
225,Q3374,Vocabulary,True
225,Q3230,Reading Comprehension,True
225,Q2689,Mechanics,False
225,Q3570,Vocabulary,True
225,Q3285,Reading Comprehension,True
225,Q2749,Waves & Optics,False
225,Q2013,Geometry,True
225,Q3255,Reading Comprehension,False
226,Q2732,Inorganic,True
226,Q2554,Algebra,True
226,Q2960,Mechanics,False
226,Q3615,Vocabulary,False
226,Q3142,Reading Comprehension,True
226,Q3584,Vocabulary,False
226,Q3717,Inorganic,True
226,Q3511,Vocabulary,True
226,Q2904,Inorganic,False
226,Q2669,Inorganic,True
226,Q3492,Grammar,False
226,Q2401,Algebra,True
226,Q2357,Statistics,False
226,Q3652,Vocabulary,True
226,Q2765,Inorganic,True
226,Q2377,Algebra,True
226,Q2775,Inorganic,True
226,Q3358,Vocabulary,False
226,Q3561,Vocabulary,True
227,Q3531,Grammar,False
227,Q3574,Vocabulary,False
227,Q3526,Vocabulary,False
227,Q2676,Inorganic,True
227,Q2114,Algebra,False
227,Q2223,Algebra,False
227,Q2307,Algebra,False
227,Q2156,Algebra,False
227,Q3648,Vocabulary,True
227,Q2232,Algebra,False
227,Q2608,Inorganic,False
227,Q2104,Algebra,False
227,Q3544,Grammar,False
227,Q3547,Vocabulary,False
227,Q2533,Algebra,False
227,Q3217,Reading Comprehension,True
227,Q3254,Reading Comprehension,False
227,Q2128,Algebra,False
227,Q3087,Reading Comprehension,False
227,Q3576,Vocabulary,False
227,Q3063,Reading Comprehension,True
227,Q2326,Algebra,True
227,Q3160,Reading Comprehension,False
227,Q2083,Algebra,False
227,Q3261,Reading Comprehension,False
227,Q2056,Algebra,False
227,Q2366,Algebra,False
227,Q2775,Inorganic,True
227,Q3633,Vocabulary,False
228,Q3418,Vocabulary,False
228,Q2082,Algebra,True
228,Q3522,Vocabulary,True
228,Q3040,Physical Chemistry,False
228,Q2308,Geometry,False
228,Q3042,Waves & Optics,False
228,Q3285,Reading Comprehension,False
228,Q2380,Statistics,True
228,Q2294,Algebra,False
228,Q3104,Reading Comprehension,False
228,Q2503,Algebra,False
228,Q2507,Algebra,True
228,Q2704,Inorganic,False
228,Q2321,Algebra,True
228,Q2640,Waves & Optics,False
228,Q3141,Reading Comprehension,False
228,Q3171,Reading Comprehension,False
228,Q3703,Waves & Optics,False
228,Q3233,Reading Comprehension,False
228,Q2307,Algebra,True
228,Q2902,Inorganic,True
228,Q3638,Vocabulary,False
228,Q2655,Inorganic,True
228,Q3071,Reading Comprehension,False
228,Q2309,Algebra,False
228,Q2299,Algebra,False
228,Q2669,Inorganic,True
228,Q2006,Algebra,True
229,Q3562,Vocabulary,False
229,Q2624,Modern Physics,True
229,Q3029,Mechanics,False
229,Q3336,Vocabulary,False
229,Q2961,Mechanics,False
229,Q2498,Algebra,True
229,Q2879,Mechanics,False
229,Q2790,Inorganic,True
229,Q2893,Electricity & Magnetism,False
229,Q3095,Reading Comprehension,True
229,Q3044,Waves & Optics,False
229,Q2448,Algebra,False
229,Q2647,Waves & Optics,False
229,Q2454,Algebra,True
229,Q2787,Inorganic,False
229,Q3213,Reading Comprehension,True
229,Q2080,Statistics,True
229,Q2469,Algebra,True
229,Q3188,Reading Comprehension,True
229,Q3077,Reading Comprehension,True
229,Q3561,Vocabulary,False
229,Q2547,Algebra,True
229,Q3592,Vocabulary,False
229,Q3598,Vocabulary,True
229,Q3214,Reading Comprehension,True
229,Q2919,Inorganic,False
229,Q2925,Waves & Optics,False
230,Q2370,Algebra,False
230,Q2233,Statistics,False
230,Q2438,Algebra,False
230,Q3115,Reading Comprehension,True
230,Q3699,Electricity & Magnetism,True
230,Q3473,Vocabulary,False
230,Q2281,Algebra,False
230,Q2253,Algebra,False
230,Q2879,Mechanics,False
230,Q2102,Statistics,True
230,Q3529,Vocabulary,True
230,Q3666,Trigonometry,True
230,Q3181,Reading Comprehension,True
230,Q2199,Statistics,False
230,Q3029,Mechanics,False
230,Q2118,Trigonometry,False
230,Q3368,Vocabulary,False
230,Q2127,Algebra,False
231,Q2682,Mechanics,True
231,Q2202,Algebra,False
231,Q2311,Statistics,False
231,Q2764,Mechanics,False
231,Q2649,Inorganic,False
231,Q2494,Statistics,False
231,Q2476,Algebra,True
231,Q2400,Algebra,True
231,Q3131,Reading Comprehension,True
231,Q2235,Algebra,True
231,Q2164,Geometry,True
231,Q2293,Algebra,False
231,Q2456,Algebra,False
231,Q3629,Vocabulary,False
231,Q3489,Vocabulary,True
231,Q3290,Reading Comprehension,True
231,Q2268,Algebra,True
231,Q3476,Vocabulary,True
231,Q3112,Reading Comprehension,True
232,Q2765,Inorganic,False
232,Q3267,Reading Comprehension,True
232,Q2693,Mechanics,False
232,Q3587,Vocabulary,False
232,Q2331,Algebra,True
232,Q2508,Algebra,True
232,Q3571,Vocabulary,False
232,Q2668,Waves & Optics,True
232,Q3653,Vocabulary,True
232,Q3606,Grammar,True
232,Q2451,Algebra,True
232,Q2025,Geometry,False
232,Q3490,Vocabulary,False
232,Q2361,Statistics,False
232,Q3162,Reading Comprehension,True
233,Q2381,Statistics,True
233,Q2519,Algebra,False
233,Q3108,Reading Comprehension,False
233,Q2543,Algebra,False
233,Q2366,Algebra,False
233,Q3187,Reading Comprehension,False
233,Q2753,Inorganic,False
233,Q2924,Waves & Optics,False
233,Q2123,Algebra,False
233,Q3027,Physical Chemistry,True
233,Q2350,Algebra,False
233,Q3019,Inorganic,False
233,Q3202,Reading Comprehension,False
233,Q3094,Reading Comprehension,False
233,Q2272,Algebra,False
233,Q2745,Inorganic,False
233,Q3411,Vocabulary,False
233,Q3566,Vocabulary,False
233,Q2684,Inorganic,False
233,Q3626,Grammar,True
233,Q3110,Reading Comprehension,True
233,Q2234,Algebra,False
233,Q3614,Vocabulary,True
233,Q2714,Inorganic,False
233,Q2550,Algebra,False
233,Q3624,Vocabulary,False
233,Q2236,Algebra,False
234,Q3044,Waves & Optics,False
234,Q2959,Waves & Optics,False
234,Q3296,Reading Comprehension,False
234,Q2566,Algebra,False
234,Q3656,Algebra,False
234,Q2993,Waves & Optics,True
234,Q3587,Vocabulary,True
234,Q2448,Algebra,False
234,Q2781,Inorganic,False
234,Q3299,Reading Comprehension,False
234,Q3387,Vocabulary,False
234,Q2491,Algebra,False
234,Q3503,Vocabulary,False
234,Q3490,Vocabulary,False
234,Q2003,Algebra,False
234,Q2926,Electricity & Magnetism,False
234,Q3263,Reading Comprehension,False
234,Q3681,Grammar,False
234,Q3274,Reading Comprehension,False
234,Q2838,Physical Chemistry,False
235,Q3095,Reading Comprehension,False
235,Q2003,Algebra,True
235,Q2795,Mechanics,False
235,Q2513,Geometry,False
235,Q2979,Mechanics,True
235,Q2063,Algebra,False
235,Q3612,Vocabulary,True
235,Q2182,Algebra,False
235,Q2111,Algebra,True
235,Q2312,Geometry,True
235,Q2682,Mechanics,True
235,Q2716,Modern Physics,False
235,Q2977,Waves & Optics,False
235,Q3512,Vocabulary,False
235,Q3271,Reading Comprehension,False
236,Q2028,Algebra,False
236,Q2558,Algebra,False
236,Q3097,Reading Comprehension,True
236,Q2015,Algebra,True
236,Q2044,Algebra,False
236,Q2288,Algebra,True
236,Q2671,Waves & Optics,False
236,Q2144,Algebra,True
236,Q3528,Vocabulary,False
236,Q3174,Reading Comprehension,True
236,Q2518,Geometry,True
236,Q2763,Inorganic,False
236,Q2100,Statistics,True
236,Q3202,Reading Comprehension,True
236,Q3611,Vocabulary,False
236,Q3234,Reading Comprehension,True
236,Q2649,Inorganic,True
236,Q2904,Inorganic,False
236,Q3427,Vocabulary,True
236,Q3492,Grammar,False
236,Q2814,Inorganic,True
236,Q2265,Statistics,False
236,Q2964,Mechanics,True
236,Q2886,Inorganic,False
236,Q2085,Statistics,True
236,Q2621,Mechanics,True
236,Q2656,Electricity & Magnetism,True
236,Q2715,Inorganic,False
236,Q3094,Reading Comprehension,True
237,Q2995,Physical Chemistry,False
237,Q3485,Vocabulary,False
237,Q3148,Reading Comprehension,False
237,Q2947,Inorganic,True
237,Q3049,Mechanics,True
237,Q2061,Algebra,True
237,Q2891,Waves & Optics,False
237,Q3464,Vocabulary,False
237,Q2069,Algebra,False
237,Q3250,Reading Comprehension,True
237,Q3596,Vocabulary,False
237,Q2060,Algebra,True
237,Q3069,Reading Comprehension,False
237,Q3448,Vocabulary,False
237,Q3345,Vocabulary,False
237,Q3491,Vocabulary,True
237,Q3503,Vocabulary,False
237,Q2245,Algebra,False
237,Q3441,Vocabulary,False
237,Q2843,Electricity & Magnetism,True
237,Q2206,Algebra,True
237,Q2632,Electricity & Magnetism,False
237,Q2044,Algebra,True
237,Q3443,Vocabulary,False
237,Q3706,Waves & Optics,False
237,Q2336,Algebra,True
238,Q3235,Reading Comprehension,True
238,Q2940,Mechanics,False
238,Q2061,Algebra,True
238,Q3470,Vocabulary,True
238,Q2617,Mechanics,False
238,Q3387,Vocabulary,True
238,Q3539,Vocabulary,False
238,Q2014,Statistics,False
238,Q2646,Inorganic,True
238,Q2154,Statistics,True
238,Q2632,Electricity & Magnetism,False
238,Q3173,Reading Comprehension,False
238,Q2476,Algebra,False
238,Q2634,Waves & Optics,False
238,Q2999,Inorganic,True
238,Q3423,Vocabulary,True
239,Q2213,Algebra,False
239,Q3483,Vocabulary,True
239,Q2575,Algebra,True
239,Q2420,Algebra,True
239,Q2360,Algebra,False
239,Q3024,Inorganic,True
239,Q2863,Waves & Optics,False
239,Q2262,Algebra,False
239,Q2912,Inorganic,True
239,Q3647,Vocabulary,True
239,Q2046,Algebra,False
239,Q3207,Reading Comprehension,True
239,Q3131,Reading Comprehension,True
239,Q2450,Algebra,False
239,Q2895,Inorganic,True
239,Q2621,Mechanics,True
239,Q3362,Grammar,False
240,Q2205,Statistics,True
240,Q3580,Grammar,False
240,Q2405,Algebra,False
240,Q2041,Algebra,False
240,Q3293,Reading Comprehension,True
240,Q3410,Vocabulary,False
240,Q2639,Mechanics,False
240,Q2310,Statistics,False
240,Q3570,Vocabulary,False
240,Q3421,Vocabulary,False
240,Q3133,Reading Comprehension,False
240,Q2923,Waves & Optics,True
240,Q3702,Electricity & Magnetism,True
240,Q2371,Statistics,False
240,Q2005,Algebra,False
240,Q3498,Grammar,False
240,Q2870,Waves & Optics,True
240,Q2070,Statistics,True
240,Q3327,Vocabulary,False
240,Q2084,Algebra,False
241,Q2360,Algebra,True
241,Q2848,Mechanics,True
241,Q2086,Algebra,True
241,Q2397,Algebra,True
241,Q3460,Grammar,True
241,Q2972,Inorganic,False
241,Q3337,Vocabulary,True
241,Q2477,Statistics,True
241,Q2390,Geometry,True
241,Q3470,Vocabulary,True
241,Q3120,Reading Comprehension,True
241,Q2593,Statistics,True
241,Q3572,Vocabulary,True
241,Q2608,Inorganic,True
241,Q2207,Statistics,False
242,Q3213,Reading Comprehension,True
242,Q2239,Statistics,True
242,Q3207,Reading Comprehension,False
242,Q2977,Waves & Optics,False
242,Q2572,Statistics,True
242,Q2041,Algebra,False
242,Q2398,Statistics,True
242,Q3001,Mechanics,True
242,Q3387,Vocabulary,False
242,Q2515,Algebra,False
242,Q3538,Vocabulary,False
242,Q2791,Inorganic,False
242,Q2156,Algebra,False
242,Q2880,Mechanics,False
242,Q3171,Reading Comprehension,True
242,Q3618,Grammar,False
243,Q3594,Vocabulary,True
243,Q3275,Reading Comprehension,True
243,Q2538,Statistics,False
243,Q3413,Vocabulary,True
243,Q3252,Reading Comprehension,True
243,Q2384,Algebra,True
243,Q2036,Algebra,True
243,Q3272,Reading Comprehension,True
243,Q3377,Vocabulary,True
243,Q3593,Vocabulary,True
243,Q3079,Reading Comprehension,True
243,Q2083,Algebra,False
243,Q3424,Vocabulary,True
243,Q2156,Algebra,False
243,Q3583,Vocabulary,False
243,Q2395,Algebra,True
243,Q2228,Statistics,False
243,Q2844,Physical Chemistry,False
243,Q3031,Inorganic,True
243,Q3476,Vocabulary,True
243,Q2071,Statistics,False
243,Q3114,Reading Comprehension,False
243,Q3586,Vocabulary,True
243,Q2623,Waves & Optics,True
243,Q2701,Inorganic,True
243,Q2728,Physical Chemistry,False
243,Q3384,Vocabulary,True
243,Q3564,Vocabulary,True
243,Q2056,Algebra,True
244,Q2011,Geometry,True
244,Q2552,Statistics,True
244,Q3606,Grammar,False
244,Q2622,Inorganic,True
244,Q3479,Grammar,False
244,Q2952,Mechanics,True
244,Q3636,Grammar,False
244,Q3286,Reading Comprehension,False
244,Q2524,Statistics,True
244,Q3238,Reading Comprehension,True
244,Q3373,Vocabulary,False
244,Q3491,Vocabulary,False
244,Q2810,Inorganic,False
244,Q2388,Algebra,True
244,Q3208,Reading Comprehension,False
244,Q2088,Algebra,True
244,Q2174,Algebra,False
244,Q2850,Physical Chemistry,False
244,Q2315,Geometry,True
244,Q2740,Inorganic,True
244,Q2182,Algebra,False
244,Q3328,Vocabulary,False
244,Q2020,Statistics,True
244,Q3474,Grammar,False
244,Q3344,Vocabulary,False
245,Q3706,Waves & Optics,False
245,Q3674,Statistics,False
245,Q3515,Vocabulary,True
245,Q3426,Grammar,True
245,Q3329,Vocabulary,False
245,Q3510,Vocabulary,True
245,Q3262,Reading Comprehension,True
245,Q3610,Vocabulary,True
245,Q3470,Vocabulary,True
245,Q2796,Mechanics,True
245,Q2676,Inorganic,False
245,Q2620,Mechanics,True
245,Q3601,Vocabulary,True
245,Q2788,Inorganic,False
245,Q3173,Reading Comprehension,True
245,Q3053,Inorganic,False
245,Q3556,Vocabulary,False
245,Q3474,Grammar,True
245,Q3327,Vocabulary,False
245,Q2149,Statistics,True
245,Q2904,Inorganic,True
246,Q2023,Algebra,False
246,Q3466,Vocabulary,False
246,Q2502,Algebra,False
246,Q3434,Vocabulary,False
246,Q2404,Algebra,False
246,Q2498,Algebra,False
246,Q3158,Reading Comprehension,True
246,Q2271,Algebra,False
246,Q2639,Mechanics,False
246,Q3473,Vocabulary,False
246,Q2704,Inorganic,False
246,Q2766,Waves & Optics,True
246,Q3336,Vocabulary,False
246,Q2354,Algebra,False
246,Q2732,Inorganic,True
246,Q3435,Vocabulary,False
246,Q2570,Algebra,False
246,Q3080,Reading Comprehension,True
246,Q3713,Organic,True
246,Q2113,Algebra,True
246,Q2224,Algebra,False
246,Q2071,Statistics,False
246,Q2489,Algebra,False
246,Q2591,Algebra,False
246,Q2800,Inorganic,False
247,Q2600,Physical Chemistry,True
247,Q2025,Geometry,True
247,Q2123,Algebra,True
247,Q3333,Vocabulary,True
247,Q2164,Geometry,False
247,Q2427,Algebra,False
247,Q2834,Mechanics,True
247,Q2881,Mechanics,True
247,Q2589,Geometry,True
247,Q2567,Statistics,False
247,Q2174,Algebra,True
247,Q2661,Electricity & Magnetism,True
247,Q2440,Algebra,True
247,Q3614,Vocabulary,False
247,Q2063,Algebra,False
247,Q2012,Algebra,True
247,Q2197,Algebra,False
247,Q2062,Algebra,False
247,Q2693,Mechanics,False
248,Q3423,Vocabulary,True
248,Q2167,Algebra,False
248,Q2029,Algebra,True
248,Q2130,Geometry,True
248,Q3027,Physical Chemistry,True
248,Q2987,Electricity & Magnetism,True
248,Q2455,Algebra,True
248,Q3395,Vocabulary,False
248,Q2294,Algebra,False
248,Q3608,Vocabulary,False
248,Q3506,Vocabulary,True
248,Q2519,Algebra,True
248,Q2775,Inorganic,True
248,Q2528,Algebra,True
248,Q2136,Algebra,True
248,Q2575,Algebra,True
248,Q3135,Reading Comprehension,False
248,Q2131,Algebra,True
248,Q2355,Algebra,True
249,Q2185,Algebra,False
249,Q3059,Reading Comprehension,False
249,Q3266,Reading Comprehension,True
249,Q3421,Vocabulary,False
249,Q2871,Mechanics,False
249,Q3033,Inorganic,True
249,Q2371,Statistics,False
249,Q3568,Vocabulary,True
249,Q2891,Waves & Optics,False
249,Q2648,Modern Physics,True
249,Q2318,Geometry,True
249,Q3349,Vocabulary,True
249,Q3556,Vocabulary,True
249,Q2873,Mechanics,True
249,Q2642,Mechanics,False
250,Q2216,Statistics,False
250,Q3279,Reading Comprehension,True
250,Q3647,Vocabulary,True
250,Q2342,Algebra,True
250,Q2204,Algebra,True
250,Q3547,Vocabulary,True
250,Q3345,Vocabulary,True
250,Q2814,Inorganic,True
250,Q3543,Vocabulary,True
250,Q3013,Inorganic,False
250,Q2908,Electricity & Magnetism,False
250,Q2667,Waves & Optics,True
250,Q3493,Vocabulary,True
250,Q3576,Vocabulary,True
250,Q3077,Reading Comprehension,False
250,Q2816,Inorganic,True
250,Q2449,Algebra,True
250,Q3070,Reading Comprehension,False
251,Q2200,Algebra,False
251,Q3679,Grammar,False
251,Q2534,Algebra,False
251,Q2535,Algebra,False
251,Q2346,Algebra,False
251,Q3188,Reading Comprehension,False
251,Q3200,Reading Comprehension,False
251,Q2848,Mechanics,False
251,Q2615,Electricity & Magnetism,False
251,Q2046,Algebra,False
251,Q2580,Algebra,True
251,Q2381,Statistics,False
251,Q2662,Inorganic,False
251,Q2935,Mechanics,True
251,Q2038,Geometry,False
251,Q2342,Algebra,False
251,Q2344,Algebra,False
251,Q3130,Reading Comprehension,False
251,Q2111,Algebra,False
251,Q3160,Reading Comprehension,False
251,Q2314,Statistics,True
251,Q2600,Physical Chemistry,True
252,Q3386,Vocabulary,True
252,Q2812,Inorganic,False
252,Q2102,Statistics,False
252,Q2738,Inorganic,False
252,Q2467,Statistics,True
252,Q3071,Reading Comprehension,False
252,Q2002,Algebra,True
252,Q3170,Reading Comprehension,True
252,Q2850,Physical Chemistry,True
252,Q3012,Mechanics,False
252,Q3631,Vocabulary,True
252,Q3534,Vocabulary,False
252,Q3153,Reading Comprehension,True
252,Q3527,Vocabulary,False
252,Q2295,Algebra,False
252,Q3641,Vocabulary,True
252,Q3369,Vocabulary,False
252,Q2118,Trigonometry,True
252,Q2953,Waves & Optics,False
252,Q2689,Mechanics,False
252,Q3017,Waves & Optics,False
253,Q2160,Algebra,False
253,Q3713,Organic,True
253,Q2437,Geometry,True
253,Q3346,Vocabulary,False
253,Q2411,Statistics,False
253,Q2424,Algebra,True
253,Q2937,Inorganic,True
253,Q3520,Vocabulary,False
253,Q3715,Inorganic,True
253,Q3187,Reading Comprehension,False
253,Q3415,Vocabulary,False
253,Q2766,Waves & Optics,True
253,Q2426,Algebra,True
253,Q3147,Reading Comprehension,False
253,Q3331,Vocabulary,True
253,Q2377,Algebra,True
253,Q2524,Statistics,False
253,Q2293,Algebra,True
254,Q2112,Algebra,False
254,Q2245,Algebra,False
254,Q2695,Inorganic,True
254,Q2471,Algebra,False
254,Q3353,Vocabulary,True
254,Q2842,Inorganic,True
254,Q2304,Algebra,True
254,Q2664,Inorganic,True
254,Q2424,Algebra,False
254,Q2722,Waves & Optics,False
254,Q3722,Physical Chemistry,False
254,Q3469,Grammar,False
254,Q2336,Algebra,False
254,Q2480,Algebra,False
254,Q3016,Waves & Optics,False
255,Q2064,Algebra,False
255,Q2323,Algebra,True
255,Q2290,Algebra,False
255,Q2839,Physical Chemistry,True
255,Q2696,Inorganic,True
255,Q3474,Grammar,True
255,Q2080,Statistics,True
255,Q2467,Statistics,False
255,Q3642,Vocabulary,True
255,Q2929,Electricity & Magnetism,False
255,Q2773,Inorganic,False
255,Q3341,Vocabulary,False
255,Q2469,Algebra,True
255,Q3705,Waves & Optics,False
255,Q2560,Algebra,False
255,Q3493,Vocabulary,True
255,Q2662,Inorganic,True
256,Q2743,Inorganic,True
256,Q3480,Vocabulary,True
256,Q2348,Algebra,True
256,Q3004,Inorganic,True
256,Q2787,Inorganic,True
256,Q2760,Inorganic,False
256,Q2973,Waves & Optics,False
256,Q3554,Vocabulary,True
256,Q2545,Statistics,False
256,Q2006,Algebra,True
256,Q3579,Vocabulary,True
256,Q2495,Algebra,False
256,Q3196,Reading Comprehension,True
256,Q3132,Reading Comprehension,True
256,Q2939,Inorganic,True
256,Q2437,Geometry,False
256,Q3429,Vocabulary,False
256,Q2390,Geometry,False
256,Q2880,Mechanics,True
256,Q3366,Vocabulary,False
256,Q2806,Mechanics,True
257,Q3322,Vocabulary,False
257,Q2885,Waves & Optics,True
257,Q2332,Algebra,True
257,Q2529,Algebra,True
257,Q3085,Reading Comprehension,True
257,Q2952,Mechanics,True
257,Q2187,Statistics,False
257,Q3126,Reading Comprehension,True
257,Q2471,Algebra,True
257,Q2107,Trigonometry,False
257,Q3022,Inorganic,False
257,Q2754,Inorganic,False
257,Q2024,Statistics,False
257,Q2512,Algebra,True
257,Q3251,Reading Comprehension,False
257,Q2081,Algebra,True
257,Q2080,Statistics,True
258,Q3247,Reading Comprehension,True
258,Q2031,Statistics,True
258,Q3073,Reading Comprehension,False
258,Q3118,Reading Comprehension,True
258,Q3139,Reading Comprehension,False
258,Q2103,Geometry,True
258,Q2650,Mechanics,True
258,Q3303,Reading Comprehension,True
258,Q2896,Inorganic,False
258,Q2678,Waves & Optics,False
258,Q3051,Electricity & Magnetism,True
258,Q2505,Algebra,True
258,Q2463,Algebra,True
258,Q3553,Vocabulary,False
258,Q2026,Geometry,True
259,Q2440,Algebra,True
259,Q3411,Vocabulary,False
259,Q2154,Statistics,False
259,Q3354,Vocabulary,False
259,Q2495,Algebra,True
259,Q2549,Statistics,True
259,Q3659,Algebra,True
259,Q3530,Vocabulary,False
259,Q2090,Algebra,False
259,Q2013,Geometry,True
259,Q2302,Algebra,False
259,Q3622,Vocabulary,False
259,Q3027,Physical Chemistry,True
259,Q3619,Vocabulary,False
259,Q2254,Algebra,False
259,Q3092,Reading Comprehension,True
259,Q2510,Statistics,True
259,Q3070,Reading Comprehension,True
259,Q3581,Vocabulary,False
259,Q2988,Mechanics,True
259,Q2485,Algebra,False
259,Q3273,Reading Comprehension,True
259,Q3348,Grammar,True
259,Q3320,Vocabulary,False
259,Q3668,Trigonometry,False
259,Q3674,Statistics,True
260,Q2526,Algebra,True
260,Q3399,Vocabulary,True
260,Q3489,Vocabulary,True
260,Q2032,Statistics,True
260,Q2816,Inorganic,False
260,Q2232,Algebra,True
260,Q2167,Algebra,False
260,Q2109,Algebra,True
260,Q2116,Algebra,False
260,Q2324,Algebra,True
260,Q3431,Vocabulary,True
260,Q3484,Vocabulary,True
260,Q3278,Reading Comprehension,False
260,Q3479,Grammar,True
260,Q2942,Electricity & Magnetism,False
260,Q3277,Reading Comprehension,True
260,Q2374,Statistics,False
260,Q3433,Vocabulary,True
261,Q2082,Algebra,True
261,Q2649,Inorganic,False
261,Q2937,Inorganic,False
261,Q2684,Inorganic,True
261,Q2496,Algebra,True
261,Q2399,Statistics,True
261,Q2188,Algebra,True
261,Q3677,Grammar,False
261,Q2991,Mechanics,False
261,Q3298,Reading Comprehension,False
261,Q3619,Vocabulary,True
261,Q3549,Vocabulary,False
261,Q3618,Grammar,False
261,Q2520,Algebra,True
261,Q2484,Algebra,True
261,Q2161,Algebra,True
261,Q2047,Algebra,True
261,Q2212,Statistics,False
261,Q2456,Algebra,True
261,Q3358,Vocabulary,True
261,Q2970,Inorganic,False
261,Q3064,Reading Comprehension,False
261,Q3716,Inorganic,False
261,Q3432,Vocabulary,True
261,Q2478,Algebra,True
261,Q3671,Calculus,True
262,Q2360,Algebra,False
262,Q2441,Algebra,False
262,Q2917,Inorganic,True
262,Q3265,Reading Comprehension,False
262,Q2789,Inorganic,False
262,Q3675,Statistics,True
262,Q2785,Inorganic,False
262,Q2423,Algebra,True
262,Q3251,Reading Comprehension,False
262,Q3371,Vocabulary,False
262,Q2804,Mechanics,True
262,Q2335,Algebra,False
262,Q2073,Algebra,False
262,Q3270,Reading Comprehension,False
262,Q2001,Algebra,True
262,Q3065,Reading Comprehension,False
262,Q3565,Vocabulary,True
262,Q3391,Vocabulary,False
262,Q2243,Statistics,True
262,Q2733,Electricity & Magnetism,True
262,Q2976,Electricity & Magnetism,True
262,Q3049,Mechanics,True
262,Q3457,Vocabulary,True
263,Q2695,Inorganic,False
263,Q3068,Reading Comprehension,False
263,Q3296,Reading Comprehension,True
263,Q2701,Inorganic,False
263,Q2817,Inorganic,False
263,Q2776,Inorganic,False
263,Q2934,Inorganic,True
263,Q3587,Vocabulary,False
263,Q2923,Waves & Optics,True
263,Q2719,Inorganic,True
263,Q2565,Statistics,True
263,Q3325,Vocabulary,False
263,Q3047,Inorganic,False
263,Q3312,Vocabulary,False
263,Q2931,Mechanics,True
263,Q2420,Algebra,False
263,Q2782,Inorganic,False
263,Q3436,Vocabulary,True
263,Q2090,Algebra,False
264,Q2744,Inorganic,True
264,Q2478,Algebra,True
264,Q3250,Reading Comprehension,False
264,Q3297,Reading Comprehension,False
264,Q2073,Algebra,True
264,Q2563,Algebra,True
264,Q2476,Algebra,True
264,Q2053,Algebra,True
264,Q2195,Algebra,False
264,Q2724,Waves & Optics,False
264,Q2721,Inorganic,True
264,Q3408,Vocabulary,False
264,Q3033,Inorganic,True
264,Q2235,Algebra,True
264,Q3514,Vocabulary,True
264,Q3569,Vocabulary,False
264,Q3106,Reading Comprehension,False
264,Q2509,Algebra,True
264,Q3443,Vocabulary,False
264,Q3665,Trigonometry,False
264,Q2144,Algebra,False
264,Q3320,Vocabulary,False
264,Q2826,Inorganic,True
264,Q3368,Vocabulary,False
264,Q3484,Vocabulary,True
265,Q3389,Vocabulary,True
265,Q2890,Inorganic,False
265,Q2464,Geometry,True
265,Q3141,Reading Comprehension,False
265,Q2391,Statistics,False
265,Q3422,Vocabulary,True
265,Q2762,Waves & Optics,True
265,Q2284,Algebra,True
265,Q2721,Inorganic,False
265,Q3509,Vocabulary,True
265,Q3017,Waves & Optics,True
265,Q2190,Algebra,True
265,Q2423,Algebra,True
265,Q2239,Statistics,True
265,Q2540,Algebra,True
265,Q2131,Algebra,True
265,Q3635,Grammar,True
265,Q3559,Vocabulary,True
265,Q2737,Inorganic,False
265,Q2524,Statistics,False
265,Q2609,Physical Chemistry,False
265,Q3276,Reading Comprehension,True
266,Q2874,Mechanics,True
266,Q3570,Vocabulary,False
266,Q2705,Electricity & Magnetism,True
266,Q3247,Reading Comprehension,False
266,Q3024,Inorganic,False
266,Q2962,Inorganic,True
266,Q3175,Reading Comprehension,False
266,Q2378,Statistics,False
266,Q2138,Statistics,True
266,Q2945,Mechanics,False
266,Q2940,Mechanics,True
266,Q3044,Waves & Optics,False
266,Q3117,Reading Comprehension,False
266,Q3679,Grammar,True
266,Q2443,Algebra,False
266,Q2650,Mechanics,True
266,Q3654,Algebra,False
266,Q2141,Algebra,False
266,Q3484,Vocabulary,True
266,Q2915,Mechanics,True
266,Q3139,Reading Comprehension,False
266,Q2563,Algebra,False
266,Q3313,Vocabulary,True
266,Q3399,Vocabulary,True
266,Q3390,Vocabulary,True
267,Q2208,Algebra,False
267,Q2438,Algebra,False
267,Q3225,Reading Comprehension,False
267,Q3652,Vocabulary,False
267,Q3306,Vocabulary,False
267,Q3348,Grammar,False
267,Q2812,Inorganic,True
267,Q3366,Vocabulary,False
267,Q2159,Statistics,True
267,Q2527,Algebra,False
267,Q2909,Electricity & Magnetism,False
267,Q3116,Reading Comprehension,True
267,Q2704,Inorganic,False
267,Q3522,Vocabulary,True
267,Q2947,Inorganic,True
267,Q2178,Algebra,False
267,Q2435,Algebra,False
267,Q2260,Algebra,False
267,Q3218,Reading Comprehension,False
267,Q2965,Inorganic,True
267,Q2878,Mechanics,True
267,Q2316,Algebra,True
267,Q3106,Reading Comprehension,True
267,Q2675,Inorganic,True
267,Q2382,Algebra,False
267,Q3243,Reading Comprehension,False
268,Q3301,Reading Comprehension,True
268,Q3308,Vocabulary,True
268,Q2857,Mechanics,False
268,Q3438,Vocabulary,False
268,Q2742,Mechanics,True
268,Q3051,Electricity & Magnetism,False
268,Q2978,Mechanics,True
268,Q2955,Inorganic,True
268,Q2878,Mechanics,True
268,Q2785,Inorganic,True
268,Q3699,Electricity & Magnetism,False
268,Q2919,Inorganic,True
268,Q3664,Geometry,True
268,Q2093,Statistics,True
268,Q2966,Inorganic,True
268,Q3325,Vocabulary,False
268,Q2563,Algebra,False
268,Q3135,Reading Comprehension,True
268,Q3071,Reading Comprehension,True
268,Q2586,Statistics,True
268,Q2070,Statistics,True
268,Q3608,Vocabulary,False
268,Q3572,Vocabulary,False
268,Q2183,Statistics,False
268,Q2577,Algebra,True
268,Q3096,Reading Comprehension,True
268,Q3692,Writing,False
269,Q2694,Inorganic,False
269,Q3525,Grammar,True
269,Q3532,Vocabulary,False
269,Q2713,Inorganic,True
269,Q3368,Vocabulary,False
269,Q2272,Algebra,False
269,Q3120,Reading Comprehension,True
269,Q3650,Vocabulary,False
269,Q2423,Algebra,True
269,Q3534,Vocabulary,True
269,Q2811,Inorganic,False
269,Q2295,Algebra,False
269,Q2229,Statistics,True
269,Q3636,Grammar,True
269,Q2911,Mechanics,True
269,Q2987,Electricity & Magnetism,False
269,Q3529,Vocabulary,False
269,Q2690,Inorganic,False
269,Q2394,Statistics,False
269,Q2057,Statistics,True
270,Q2513,Geometry,True
270,Q2597,Mechanics,True
270,Q3692,Writing,False
270,Q2812,Inorganic,True
270,Q2021,Algebra,False
270,Q2362,Algebra,True
270,Q3061,Reading Comprehension,False
270,Q2758,Inorganic,False
270,Q2476,Algebra,False
270,Q3004,Inorganic,True
270,Q2011,Geometry,True
270,Q3215,Reading Comprehension,False
270,Q2417,Algebra,False
270,Q3552,Vocabulary,False
270,Q3665,Trigonometry,False
270,Q3097,Reading Comprehension,False
270,Q2346,Algebra,False
270,Q2950,Inorganic,False
271,Q2917,Inorganic,False
271,Q3524,Vocabulary,False
271,Q2982,Inorganic,False
271,Q2021,Algebra,False
271,Q2083,Algebra,False
271,Q3154,Reading Comprehension,False
271,Q2389,Algebra,False
271,Q2486,Algebra,False
271,Q2423,Algebra,True
271,Q3551,Vocabulary,True
271,Q2713,Inorganic,False
271,Q3585,Vocabulary,True
271,Q3463,Grammar,True
271,Q2302,Algebra,False
271,Q2064,Algebra,False
271,Q3329,Vocabulary,False
271,Q2351,Statistics,False
271,Q2938,Inorganic,False
272,Q2809,Mechanics,False
272,Q3685,Reading Comprehension,True
272,Q2925,Waves & Optics,False
272,Q2074,Statistics,False
272,Q2702,Physical Chemistry,False
272,Q2908,Electricity & Magnetism,True
272,Q2823,Inorganic,False
272,Q2390,Geometry,False
272,Q3502,Vocabulary,True
272,Q2342,Algebra,False
272,Q2395,Algebra,True
272,Q3560,Vocabulary,True
272,Q3391,Vocabulary,True
272,Q3055,Electricity & Magnetism,False
272,Q2299,Algebra,True
272,Q2868,Inorganic,False
272,Q2762,Waves & Optics,True
272,Q3010,Waves & Optics,True
272,Q2152,Statistics,True
272,Q3042,Waves & Optics,True
272,Q2842,Inorganic,True
272,Q3248,Reading Comprehension,True
272,Q3229,Reading Comprehension,True
272,Q2493,Statistics,True
272,Q3549,Vocabulary,False
272,Q2487,Algebra,True
272,Q2467,Statistics,False
272,Q2886,Inorganic,True
272,Q2428,Algebra,True
273,Q3254,Reading Comprehension,False
273,Q2394,Statistics,False
273,Q3080,Reading Comprehension,True
273,Q3175,Reading Comprehension,True
273,Q3375,Vocabulary,False
273,Q3598,Vocabulary,False
273,Q2937,Inorganic,False
273,Q2530,Algebra,True
273,Q2347,Statistics,False
273,Q2886,Inorganic,True
273,Q2241,Geometry,False
273,Q2637,Inorganic,False
273,Q2653,Inorganic,True
273,Q3470,Vocabulary,False
273,Q3486,Vocabulary,False
273,Q3475,Vocabulary,False
273,Q2683,Inorganic,False
273,Q2045,Algebra,True
273,Q3518,Vocabulary,False
273,Q3111,Reading Comprehension,False
273,Q2579,Statistics,False
273,Q3666,Trigonometry,True
273,Q2427,Algebra,False
273,Q3448,Vocabulary,False
274,Q2803,Mechanics,False
274,Q3278,Reading Comprehension,False
274,Q2831,Mechanics,True
274,Q2287,Algebra,True
274,Q3638,Vocabulary,False
274,Q3514,Vocabulary,True
274,Q2794,Mechanics,False
274,Q3405,Vocabulary,True
274,Q3026,Mechanics,False
274,Q3118,Reading Comprehension,False
274,Q3455,Vocabulary,False
274,Q3050,Mechanics,False
274,Q2666,Inorganic,True
274,Q2210,Algebra,True
274,Q3130,Reading Comprehension,False
274,Q2298,Statistics,True
274,Q3422,Vocabulary,False
274,Q3525,Grammar,False
274,Q2202,Algebra,False
274,Q3225,Reading Comprehension,False
274,Q2852,Physical Chemistry,False
274,Q2312,Geometry,False
274,Q2405,Algebra,False
275,Q3420,Vocabulary,False
275,Q3044,Waves & Optics,False
275,Q3671,Calculus,True
275,Q3069,Reading Comprehension,False
275,Q3196,Reading Comprehension,True
275,Q2873,Mechanics,True
275,Q2609,Physical Chemistry,True
275,Q2936,Inorganic,False
275,Q3045,Inorganic,False
275,Q3549,Vocabulary,False
275,Q2100,Statistics,True
275,Q2105,Statistics,False
275,Q2553,Algebra,True
275,Q3416,Vocabulary,False
275,Q2403,Algebra,False
275,Q2051,Algebra,False
275,Q2818,Inorganic,False
275,Q2634,Waves & Optics,False
275,Q3505,Vocabulary,False
275,Q2681,Mechanics,True
275,Q3708,Modern Physics,True
276,Q3456,Vocabulary,False
276,Q2255,Statistics,True
276,Q2020,Statistics,False
276,Q2586,Statistics,True
276,Q3189,Reading Comprehension,False
276,Q3341,Vocabulary,True
276,Q2710,Inorganic,False
276,Q2189,Algebra,True
276,Q3056,Electricity & Magnetism,True
276,Q3377,Vocabulary,False
276,Q2340,Algebra,True
276,Q2135,Algebra,False
276,Q2148,Algebra,False
276,Q3050,Mechanics,True
276,Q2236,Algebra,True
276,Q2596,Mechanics,False
276,Q2593,Statistics,True
276,Q3384,Vocabulary,False
276,Q3130,Reading Comprehension,False
276,Q2309,Algebra,True
276,Q2494,Statistics,True
276,Q2286,Statistics,True
276,Q2954,Mechanics,False
276,Q3694,Mechanics,False
276,Q2294,Algebra,True
276,Q2274,Algebra,True
276,Q3097,Reading Comprehension,False
276,Q2280,Algebra,False
277,Q2035,Statistics,True
277,Q2519,Algebra,True
277,Q3311,Vocabulary,False
277,Q2691,Mechanics,False
277,Q2798,Inorganic,True
277,Q2792,Inorganic,False
277,Q2122,Algebra,True
277,Q2646,Inorganic,True
277,Q3015,Inorganic,False
277,Q3084,Reading Comprehension,True
277,Q2896,Inorganic,True
277,Q3269,Reading Comprehension,True
277,Q2108,Algebra,True
277,Q3195,Reading Comprehension,True
277,Q2536,Algebra,False
277,Q2866,Inorganic,True
277,Q2643,Modern Physics,True
277,Q2541,Geometry,False
277,Q3405,Vocabulary,True
277,Q3143,Reading Comprehension,True
278,Q3158,Reading Comprehension,True
278,Q3423,Vocabulary,False
278,Q3651,Vocabulary,True
278,Q3006,Inorganic,False
278,Q3142,Reading Comprehension,True
278,Q2723,Inorganic,False
278,Q3153,Reading Comprehension,False
278,Q2788,Inorganic,True
278,Q2567,Statistics,True
278,Q2572,Statistics,True
278,Q2347,Statistics,True
278,Q2920,Inorganic,False
278,Q2082,Algebra,False
278,Q2443,Algebra,True
278,Q2727,Waves & Optics,False
278,Q2114,Algebra,True
278,Q2618,Waves & Optics,True
278,Q3592,Vocabulary,True
278,Q3345,Vocabulary,True
278,Q3633,Vocabulary,True
279,Q2629,Electricity & Magnetism,False
279,Q3230,Reading Comprehension,True
279,Q2139,Algebra,True
279,Q3041,Electricity & Magnetism,False
279,Q2087,Statistics,False
279,Q3199,Reading Comprehension,False
279,Q3549,Vocabulary,False
279,Q2334,Statistics,False
279,Q2882,Mechanics,True
279,Q2723,Inorganic,True
279,Q2083,Algebra,False
279,Q3257,Reading Comprehension,False
279,Q3467,Vocabulary,True
279,Q2781,Inorganic,False
279,Q3406,Vocabulary,False
279,Q2943,Inorganic,True
279,Q3146,Reading Comprehension,False
279,Q2880,Mechanics,True
279,Q3318,Vocabulary,False
279,Q3176,Reading Comprehension,False
280,Q3666,Trigonometry,False
280,Q2111,Algebra,False
280,Q2095,Algebra,False
280,Q3558,Vocabulary,True
280,Q3210,Reading Comprehension,False
280,Q3450,Vocabulary,True
280,Q3268,Reading Comprehension,False
280,Q2893,Electricity & Magnetism,True
280,Q2933,Inorganic,True
280,Q2869,Waves & Optics,False
280,Q3184,Reading Comprehension,True
280,Q2263,Algebra,False
280,Q3046,Inorganic,False
280,Q3679,Grammar,True
280,Q3644,Vocabulary,True
280,Q3178,Reading Comprehension,False
280,Q2431,Statistics,True
280,Q2553,Algebra,False
280,Q2077,Algebra,False
281,Q2588,Algebra,True
281,Q3318,Vocabulary,True
281,Q2236,Algebra,True
281,Q3615,Vocabulary,True
281,Q3212,Reading Comprehension,False
281,Q2662,Inorganic,True
281,Q2771,Inorganic,True
281,Q2580,Algebra,True
281,Q2081,Algebra,True
281,Q2179,Algebra,True
281,Q2615,Electricity & Magnetism,True
281,Q3068,Reading Comprehension,True
281,Q2487,Algebra,True
281,Q3207,Reading Comprehension,True
281,Q2700,Mechanics,True
281,Q2686,Mechanics,True
281,Q2952,Mechanics,True
281,Q2502,Algebra,True
281,Q2607,Mechanics,True
281,Q3723,Physical Chemistry,False
281,Q3720,Physical Chemistry,False
282,Q2756,Mechanics,False
282,Q2626,Electricity & Magnetism,True
282,Q2787,Inorganic,False
282,Q3118,Reading Comprehension,False
282,Q3390,Vocabulary,True
282,Q2676,Inorganic,False
282,Q2139,Algebra,True
282,Q3375,Vocabulary,True
282,Q3673,Statistics,False
282,Q2582,Algebra,True
282,Q2824,Waves & Optics,True
282,Q2110,Statistics,False
282,Q2762,Waves & Optics,True
282,Q2007,Algebra,True
282,Q2862,Mechanics,True
283,Q2965,Inorganic,False
283,Q2875,Waves & Optics,True
283,Q3143,Reading Comprehension,True
283,Q3353,Vocabulary,False
283,Q3106,Reading Comprehension,True
283,Q3024,Inorganic,True
283,Q2901,Waves & Optics,True
283,Q2858,Mechanics,False
283,Q2822,Inorganic,True
283,Q2690,Inorganic,True
283,Q3017,Waves & Optics,True
283,Q2351,Statistics,True
283,Q2482,Algebra,True
283,Q2799,Waves & Optics,True
283,Q2546,Algebra,True
283,Q2290,Algebra,True
283,Q2605,Electricity & Magnetism,False
283,Q2523,Algebra,False
283,Q2569,Algebra,True
283,Q2627,Electricity & Magnetism,True
283,Q3495,Vocabulary,True
283,Q2952,Mechanics,False
283,Q2976,Electricity & Magnetism,True
283,Q3325,Vocabulary,False
283,Q3431,Vocabulary,False
284,Q2589,Geometry,False
284,Q3042,Waves & Optics,True
284,Q2190,Algebra,False
284,Q3536,Vocabulary,False
284,Q2494,Statistics,True
284,Q2200,Algebra,False
284,Q3136,Reading Comprehension,False
284,Q3518,Vocabulary,False
284,Q2106,Algebra,False
284,Q3075,Reading Comprehension,False
284,Q3128,Reading Comprehension,False
284,Q2854,Mechanics,True
284,Q3515,Vocabulary,True
284,Q3244,Reading Comprehension,False
284,Q2742,Mechanics,True
284,Q2764,Mechanics,True
284,Q3656,Algebra,False
284,Q3202,Reading Comprehension,False
284,Q2630,Inorganic,True
284,Q3013,Inorganic,True
284,Q3506,Vocabulary,False
284,Q2553,Algebra,False
284,Q2710,Inorganic,True
285,Q2544,Algebra,True
285,Q3343,Vocabulary,True
285,Q2694,Inorganic,True
285,Q3491,Vocabulary,True
285,Q2343,Algebra,True
285,Q3370,Vocabulary,True
285,Q2988,Mechanics,True
285,Q3601,Vocabulary,False
285,Q3622,Vocabulary,True
285,Q2180,Algebra,False
285,Q2443,Algebra,False
285,Q3107,Reading Comprehension,True
285,Q3431,Vocabulary,True
285,Q3481,Vocabulary,True
285,Q2683,Inorganic,True
285,Q2705,Electricity & Magnetism,False
285,Q3449,Vocabulary,False
285,Q2162,Algebra,True
285,Q3072,Reading Comprehension,False
285,Q3573,Vocabulary,True
285,Q2396,Statistics,False
285,Q2836,Mechanics,True
286,Q3417,Vocabulary,True
286,Q2101,Algebra,True
286,Q2632,Electricity & Magnetism,False
286,Q2109,Algebra,False
286,Q3723,Physical Chemistry,False
286,Q2124,Algebra,True
286,Q2991,Mechanics,True
286,Q3160,Reading Comprehension,True
286,Q2123,Algebra,False
286,Q2432,Algebra,True
286,Q2802,Mechanics,True
286,Q3492,Grammar,True
286,Q2510,Statistics,True
286,Q2140,Statistics,True
286,Q3344,Vocabulary,True
286,Q2814,Inorganic,False
286,Q3223,Reading Comprehension,True
286,Q2873,Mechanics,False
286,Q3413,Vocabulary,False
286,Q2022,Geometry,False
286,Q2776,Inorganic,False
286,Q2721,Inorganic,False
286,Q2449,Algebra,False
287,Q3140,Reading Comprehension,True
287,Q3093,Reading Comprehension,False
287,Q2882,Mechanics,True
287,Q3618,Grammar,True
287,Q3179,Reading Comprehension,False
287,Q2817,Inorganic,True
287,Q3055,Electricity & Magnetism,True
287,Q2791,Inorganic,True
287,Q2573,Algebra,False
287,Q2423,Algebra,True
287,Q2743,Inorganic,True
287,Q3675,Statistics,True
287,Q2757,Inorganic,True
287,Q3086,Reading Comprehension,False
287,Q2698,Waves & Optics,True
287,Q3280,Reading Comprehension,True
287,Q2357,Statistics,True
287,Q3265,Reading Comprehension,False
287,Q3023,Inorganic,True
287,Q2778,Inorganic,True
287,Q2883,Waves & Optics,False
287,Q2419,Algebra,False
287,Q2707,Electricity & Magnetism,False
287,Q3670,Calculus,True
287,Q2504,Algebra,False
287,Q2421,Algebra,False
287,Q2247,Algebra,False
287,Q2620,Mechanics,True
288,Q3044,Waves & Optics,True
288,Q3138,Reading Comprehension,True
288,Q2629,Electricity & Magnetism,True
288,Q2358,Algebra,True
288,Q2916,Mechanics,True
288,Q3015,Inorganic,True
288,Q3331,Vocabulary,True
288,Q2310,Statistics,True
288,Q2027,Statistics,True
288,Q3100,Reading Comprehension,False
288,Q2374,Statistics,True
288,Q3460,Grammar,True
288,Q2941,Electricity & Magnetism,True
288,Q3229,Reading Comprehension,True
288,Q2136,Algebra,False
288,Q2149,Statistics,True
288,Q3583,Vocabulary,False
288,Q2108,Algebra,True
288,Q2694,Inorganic,False
288,Q2205,Statistics,True
288,Q2043,Algebra,True
288,Q2513,Geometry,True
288,Q2326,Algebra,True
288,Q3552,Vocabulary,True
288,Q2484,Algebra,True
288,Q2853,Mechanics,True
288,Q2488,Algebra,True
288,Q2608,Inorganic,False
289,Q3070,Reading Comprehension,True
289,Q3059,Reading Comprehension,False
289,Q3271,Reading Comprehension,False
289,Q2893,Electricity & Magnetism,False
289,Q2233,Statistics,True
289,Q2027,Statistics,True
289,Q2156,Algebra,False
289,Q2050,Algebra,False
289,Q2546,Algebra,False
289,Q2867,Inorganic,False
289,Q2481,Algebra,True
289,Q2635,Electricity & Magnetism,True
289,Q3158,Reading Comprehension,True
289,Q3337,Vocabulary,True
289,Q3334,Vocabulary,True
289,Q3592,Vocabulary,True
289,Q3689,Vocabulary,True
289,Q2644,Mechanics,False
289,Q3312,Vocabulary,False
289,Q2805,Inorganic,False
289,Q2832,Inorganic,False
289,Q2019,Algebra,True
289,Q3481,Vocabulary,True
289,Q3175,Reading Comprehension,True
289,Q2825,Waves & Optics,False
289,Q3197,Reading Comprehension,False
289,Q3627,Vocabulary,True
289,Q2465,Geometry,False
289,Q3658,Algebra,False
290,Q2923,Waves & Optics,False
290,Q3695,Mechanics,False
290,Q3069,Reading Comprehension,False
290,Q2442,Algebra,False
290,Q3124,Reading Comprehension,False
290,Q2912,Inorganic,False
290,Q2583,Algebra,True
290,Q3376,Vocabulary,True
290,Q3340,Vocabulary,True
290,Q2123,Algebra,True
290,Q3061,Reading Comprehension,False
290,Q3702,Electricity & Magnetism,False
290,Q3437,Vocabulary,True
290,Q3563,Vocabulary,False
290,Q2457,Algebra,True
290,Q3139,Reading Comprehension,False
290,Q2640,Waves & Optics,True
290,Q3141,Reading Comprehension,False
290,Q2561,Trigonometry,False
290,Q3559,Vocabulary,False
290,Q3090,Reading Comprehension,False
290,Q3684,Reading Comprehension,True
290,Q2130,Geometry,True
290,Q3086,Reading Comprehension,False
290,Q2839,Physical Chemistry,False
290,Q3639,Vocabulary,True
290,Q2947,Inorganic,True
290,Q3272,Reading Comprehension,True
291,Q3070,Reading Comprehension,True
291,Q3073,Reading Comprehension,True
291,Q2939,Inorganic,False
291,Q3635,Grammar,False
291,Q2486,Algebra,True
291,Q2323,Algebra,True
291,Q3629,Vocabulary,False
291,Q2169,Algebra,True
291,Q3698,Mechanics,False
291,Q3120,Reading Comprehension,True
291,Q3044,Waves & Optics,True
291,Q2908,Electricity & Magnetism,False
291,Q2884,Inorganic,False
291,Q3666,Trigonometry,False
291,Q3367,Vocabulary,False
291,Q3324,Vocabulary,False
291,Q2703,Inorganic,False
291,Q2302,Algebra,True
291,Q3659,Algebra,True
291,Q2090,Algebra,True
291,Q3123,Reading Comprehension,False
291,Q2247,Algebra,True
291,Q2774,Inorganic,True
291,Q2839,Physical Chemistry,True
291,Q2481,Algebra,True
292,Q2730,Mechanics,True
292,Q3208,Reading Comprehension,True
292,Q3231,Reading Comprehension,False
292,Q2641,Inorganic,False
292,Q3677,Grammar,True
292,Q3597,Vocabulary,True
292,Q3177,Reading Comprehension,True
292,Q2200,Algebra,False
292,Q3498,Grammar,True
292,Q2919,Inorganic,True
292,Q2125,Geometry,True
292,Q2741,Inorganic,True
292,Q2008,Algebra,False
292,Q2801,Mechanics,False
292,Q2662,Inorganic,False
292,Q3174,Reading Comprehension,False
292,Q3457,Vocabulary,True
292,Q3154,Reading Comprehension,False
292,Q3482,Vocabulary,True
292,Q2458,Algebra,False
293,Q2840,Physical Chemistry,False
293,Q3278,Reading Comprehension,True
293,Q3578,Vocabulary,True
293,Q3145,Reading Comprehension,True
293,Q3463,Grammar,True
293,Q2562,Algebra,False
293,Q2167,Algebra,False
293,Q2162,Algebra,True
293,Q2942,Electricity & Magnetism,False
293,Q2550,Algebra,False
293,Q3078,Reading Comprehension,True
293,Q3481,Vocabulary,False
293,Q2667,Waves & Optics,True
293,Q2406,Algebra,False
293,Q3359,Vocabulary,False
293,Q3502,Vocabulary,True
293,Q2821,Inorganic,False
293,Q2582,Algebra,True
293,Q3052,Waves & Optics,True
293,Q2720,Inorganic,True
293,Q3519,Vocabulary,True
293,Q2878,Mechanics,False
293,Q3112,Reading Comprehension,True
293,Q2824,Waves & Optics,False
293,Q3617,Vocabulary,False
293,Q3539,Vocabulary,False
294,Q2771,Inorganic,False
294,Q2511,Algebra,False
294,Q2013,Geometry,False
294,Q2185,Algebra,True
294,Q2484,Algebra,True
294,Q2209,Algebra,True
294,Q3543,Vocabulary,True
294,Q2291,Algebra,False
294,Q3205,Reading Comprehension,False
294,Q3158,Reading Comprehension,True
294,Q3052,Waves & Optics,False
294,Q3244,Reading Comprehension,True
294,Q3010,Waves & Optics,False
294,Q3581,Vocabulary,True
294,Q2972,Inorganic,True
294,Q3518,Vocabulary,True
294,Q3583,Vocabulary,True
294,Q2329,Geometry,False
294,Q2399,Statistics,True
294,Q3505,Vocabulary,False
294,Q2648,Modern Physics,True
294,Q2556,Geometry,False
294,Q2251,Algebra,True
294,Q3323,Grammar,False
294,Q3273,Reading Comprehension,False
294,Q3653,Vocabulary,False
294,Q2502,Algebra,False
294,Q2628,Inorganic,True
295,Q3598,Vocabulary,True
295,Q2373,Statistics,False
295,Q2699,Waves & Optics,True
295,Q2268,Algebra,False
295,Q2889,Inorganic,False
295,Q2231,Algebra,False
295,Q2478,Algebra,False
295,Q3614,Vocabulary,False
295,Q2915,Mechanics,True
295,Q3135,Reading Comprehension,True
295,Q2983,Mechanics,True
295,Q2879,Mechanics,True
295,Q2288,Algebra,False
295,Q3288,Reading Comprehension,True
295,Q2130,Geometry,True
295,Q2443,Algebra,False
295,Q3429,Vocabulary,True
295,Q2746,Mechanics,True
295,Q2402,Algebra,False
295,Q3475,Vocabulary,True
295,Q2893,Electricity & Magnetism,False
295,Q2804,Mechanics,True
295,Q2611,Physical Chemistry,True
295,Q2758,Inorganic,False
295,Q2950,Inorganic,False
295,Q2196,Algebra,False
295,Q2075,Geometry,True
296,Q2181,Algebra,True
296,Q3509,Vocabulary,True
296,Q3183,Reading Comprehension,False
296,Q3723,Physical Chemistry,True
296,Q3244,Reading Comprehension,False
296,Q2340,Algebra,True
296,Q2847,Physical Chemistry,True
296,Q3532,Vocabulary,True
296,Q3568,Vocabulary,True
296,Q3607,Vocabulary,True
296,Q2269,Algebra,True
296,Q2763,Inorganic,False
296,Q3328,Vocabulary,True
296,Q3625,Grammar,False
296,Q2568,Algebra,True
296,Q3522,Vocabulary,True
297,Q2714,Inorganic,False
297,Q2409,Algebra,True
297,Q3479,Grammar,False
297,Q3585,Vocabulary,True
297,Q2785,Inorganic,True
297,Q3226,Reading Comprehension,False
297,Q3147,Reading Comprehension,False
297,Q3359,Vocabulary,False
297,Q2265,Statistics,True
297,Q2156,Algebra,True
297,Q3411,Vocabulary,True
297,Q2541,Geometry,False
297,Q2017,Statistics,True
297,Q2441,Algebra,True
297,Q3204,Reading Comprehension,False
297,Q3038,Inorganic,False
297,Q2283,Algebra,False
297,Q3363,Vocabulary,False
297,Q2443,Algebra,True
297,Q2450,Algebra,True
297,Q2728,Physical Chemistry,True
297,Q2189,Algebra,True
298,Q2600,Physical Chemistry,False
298,Q2665,Waves & Optics,True
298,Q2096,Algebra,True
298,Q2444,Geometry,True
298,Q3680,Grammar,True
298,Q2863,Waves & Optics,True
298,Q3231,Reading Comprehension,False
298,Q3467,Vocabulary,False
298,Q2581,Algebra,True
298,Q3112,Reading Comprehension,False
298,Q2669,Inorganic,True
298,Q3181,Reading Comprehension,True
298,Q2008,Algebra,True
298,Q2606,Inorganic,True
298,Q3589,Grammar,True
298,Q2642,Mechanics,True
298,Q3430,Vocabulary,False
298,Q2828,Inorganic,True
298,Q3284,Reading Comprehension,True
298,Q2407,Statistics,True
298,Q2426,Algebra,True
298,Q2442,Algebra,True
298,Q3617,Vocabulary,False
298,Q2572,Statistics,True
299,Q3409,Vocabulary,True
299,Q2707,Electricity & Magnetism,True
299,Q2858,Mechanics,False
299,Q3179,Reading Comprehension,False
299,Q2301,Algebra,False
299,Q3173,Reading Comprehension,False
299,Q2681,Mechanics,False
299,Q2195,Algebra,False
299,Q2000,Statistics,False
299,Q3206,Reading Comprehension,False
299,Q2723,Inorganic,True
299,Q2633,Inorganic,True
299,Q3238,Reading Comprehension,True
299,Q2621,Mechanics,False
299,Q3473,Vocabulary,True
299,Q3383,Vocabulary,True
299,Q2317,Geometry,False
299,Q2068,Statistics,True
299,Q2153,Algebra,False
299,Q2543,Algebra,False
299,Q2595,Electricity & Magnetism,True
299,Q2597,Mechanics,False
299,Q2845,Inorganic,True
299,Q2324,Algebra,False
299,Q2248,Algebra,False
299,Q2751,Electricity & Magnetism,False
299,Q2965,Inorganic,True
299,Q2379,Algebra,False
300,Q3489,Vocabulary,False
300,Q3205,Reading Comprehension,False
300,Q2990,Mechanics,False
300,Q3427,Vocabulary,False
300,Q3542,Vocabulary,False
300,Q2164,Geometry,False
300,Q3317,Vocabulary,False
300,Q2759,Organic,False
300,Q3022,Inorganic,True
300,Q3202,Reading Comprehension,False
300,Q2469,Algebra,False
300,Q2804,Mechanics,False
300,Q2509,Algebra,False
300,Q3250,Reading Comprehension,False
300,Q3125,Reading Comprehension,True
300,Q3091,Reading Comprehension,False
300,Q2559,Algebra,False
300,Q2707,Electricity & Magnetism,True
300,Q2173,Algebra,False
300,Q2072,Algebra,False
300,Q3084,Reading Comprehension,False
300,Q3123,Reading Comprehension,False
300,Q3713,Organic,False
300,Q2065,Algebra,False
300,Q2129,Statistics,False
300,Q2486,Algebra,False
300,Q3117,Reading Comprehension,False
300,Q3085,Reading Comprehension,False
300,Q2253,Algebra,False
301,Q2671,Waves & Optics,False
301,Q3507,Vocabulary,False
301,Q2153,Algebra,True
301,Q2144,Algebra,True
301,Q2576,Algebra,True
301,Q3279,Reading Comprehension,False
301,Q2531,Geometry,False
301,Q3709,Modern Physics,False
301,Q3035,Inorganic,False
301,Q2887,Inorganic,False
301,Q2518,Geometry,True
301,Q3687,Vocabulary,False
301,Q3640,Vocabulary,False
301,Q2973,Waves & Optics,True
301,Q2509,Algebra,False
301,Q2138,Statistics,True
301,Q3600,Vocabulary,False
301,Q3337,Vocabulary,False
301,Q2535,Algebra,True
301,Q3084,Reading Comprehension,False
301,Q2685,Inorganic,False
301,Q3541,Vocabulary,False
302,Q2015,Algebra,False
302,Q3469,Grammar,False
302,Q3676,Statistics,False
302,Q3167,Reading Comprehension,False
302,Q3659,Algebra,True
302,Q2709,Inorganic,True
302,Q2023,Algebra,True
302,Q3241,Reading Comprehension,False
302,Q2656,Electricity & Magnetism,False
302,Q2362,Algebra,False
302,Q3174,Reading Comprehension,False
302,Q3153,Reading Comprehension,False
302,Q2607,Mechanics,False
302,Q2669,Inorganic,True
302,Q2953,Waves & Optics,True
302,Q3719,Inorganic,False
302,Q2227,Algebra,False
302,Q3473,Vocabulary,False
302,Q3349,Vocabulary,True
303,Q3165,Reading Comprehension,False
303,Q2482,Algebra,True
303,Q2123,Algebra,True
303,Q3530,Vocabulary,False
303,Q2647,Waves & Optics,False
303,Q2317,Geometry,True
303,Q2517,Algebra,True
303,Q2898,Waves & Optics,False
303,Q3398,Vocabulary,False
303,Q3193,Reading Comprehension,True
303,Q2839,Physical Chemistry,False
303,Q2359,Statistics,True
303,Q2793,Inorganic,False
303,Q3534,Vocabulary,False
303,Q2121,Statistics,True
303,Q3306,Vocabulary,True
303,Q2030,Algebra,False
303,Q2267,Algebra,False
303,Q3182,Reading Comprehension,True
303,Q2077,Algebra,False
303,Q2276,Algebra,False
303,Q2002,Algebra,False
303,Q2829,Inorganic,False
303,Q3641,Vocabulary,True
303,Q3631,Vocabulary,True
304,Q2490,Algebra,False
304,Q3708,Modern Physics,False
304,Q2147,Trigonometry,True
304,Q2586,Statistics,True
304,Q2826,Inorganic,False
304,Q2860,Waves & Optics,False
304,Q2136,Algebra,True
304,Q3112,Reading Comprehension,False
304,Q3181,Reading Comprehension,False
304,Q2037,Statistics,False
304,Q2112,Algebra,False
304,Q2461,Statistics,True
304,Q2190,Algebra,True
304,Q3339,Vocabulary,False
304,Q2654,Electricity & Magnetism,True
304,Q3626,Grammar,False
304,Q3224,Reading Comprehension,False
304,Q2360,Algebra,True
304,Q3648,Vocabulary,False
304,Q3382,Vocabulary,False
304,Q3614,Vocabulary,False
304,Q2943,Inorganic,False
304,Q2328,Geometry,True
304,Q2252,Algebra,False
304,Q2562,Algebra,True
304,Q2073,Algebra,False
305,Q3147,Reading Comprehension,True
305,Q2026,Geometry,False
305,Q2003,Algebra,True
305,Q2736,Mechanics,False
305,Q2939,Inorganic,True
305,Q2345,Algebra,False
305,Q2423,Algebra,True
305,Q3185,Reading Comprehension,True
305,Q3564,Vocabulary,True
305,Q2205,Statistics,False
305,Q3102,Reading Comprehension,False
305,Q3574,Vocabulary,False
305,Q2904,Inorganic,False
305,Q2766,Waves & Optics,False
305,Q2094,Algebra,True
305,Q2250,Algebra,False
305,Q2503,Algebra,True
305,Q2134,Statistics,False
305,Q2230,Algebra,True
305,Q3537,Grammar,True
305,Q2357,Statistics,False
305,Q2489,Algebra,False
305,Q3263,Reading Comprehension,False
305,Q2622,Inorganic,False
306,Q3539,Vocabulary,True
306,Q3720,Physical Chemistry,False
306,Q2107,Trigonometry,True
306,Q2805,Inorganic,False
306,Q2060,Algebra,True
306,Q2202,Algebra,False
306,Q2353,Algebra,True
306,Q3453,Vocabulary,True
306,Q2369,Algebra,True
306,Q2775,Inorganic,False
306,Q2541,Geometry,True
306,Q3670,Calculus,True
306,Q2686,Mechanics,False
306,Q3347,Vocabulary,False
306,Q3717,Inorganic,False
306,Q3637,Vocabulary,True
306,Q3098,Reading Comprehension,True
306,Q2410,Statistics,False
306,Q2981,Mechanics,False
306,Q3363,Vocabulary,False
306,Q2961,Mechanics,False
306,Q2491,Algebra,True
306,Q2101,Algebra,True
306,Q2402,Algebra,True
306,Q3246,Reading Comprehension,True
306,Q3108,Reading Comprehension,True
307,Q2102,Statistics,True
307,Q2941,Electricity & Magnetism,True
307,Q2516,Algebra,False
307,Q2957,Inorganic,True
307,Q2947,Inorganic,True
307,Q2493,Statistics,True
307,Q2606,Inorganic,False
307,Q2137,Statistics,True
307,Q2464,Geometry,True
307,Q2608,Inorganic,True
307,Q3299,Reading Comprehension,False
307,Q2242,Algebra,False
307,Q3139,Reading Comprehension,False
307,Q2576,Algebra,False
307,Q3233,Reading Comprehension,False
307,Q3431,Vocabulary,False
307,Q2850,Physical Chemistry,False
307,Q2079,Geometry,False
307,Q3492,Grammar,False
307,Q3026,Mechanics,False
307,Q2224,Algebra,False
307,Q2367,Geometry,True
307,Q3078,Reading Comprehension,False
307,Q3216,Reading Comprehension,False
307,Q2406,Algebra,False
307,Q3309,Vocabulary,False
308,Q2647,Waves & Optics,False
308,Q2932,Mechanics,True
308,Q3660,Geometry,True
308,Q2748,Electricity & Magnetism,True
308,Q3597,Vocabulary,False
308,Q3283,Reading Comprehension,True
308,Q2379,Algebra,True
308,Q2923,Waves & Optics,False
308,Q3590,Vocabulary,False
308,Q2901,Waves & Optics,False
308,Q2347,Statistics,True
308,Q2430,Algebra,False
308,Q3615,Vocabulary,False
308,Q2147,Trigonometry,True
308,Q3060,Reading Comprehension,True
308,Q2280,Algebra,False
308,Q2236,Algebra,False
308,Q3089,Reading Comprehension,False
308,Q2782,Inorganic,True
308,Q3055,Electricity & Magnetism,True
309,Q3454,Vocabulary,False
309,Q2810,Inorganic,False
309,Q2650,Mechanics,True
309,Q2484,Algebra,True
309,Q2231,Algebra,False
309,Q2685,Inorganic,False
309,Q2870,Waves & Optics,True
309,Q2030,Algebra,True
309,Q3201,Reading Comprehension,False
309,Q3080,Reading Comprehension,False
309,Q2125,Geometry,False
309,Q2745,Inorganic,True
309,Q2132,Algebra,True
309,Q2130,Geometry,False
309,Q3216,Reading Comprehension,False
309,Q2608,Inorganic,True
309,Q3428,Vocabulary,False
309,Q2967,Inorganic,True
309,Q2118,Trigonometry,True
309,Q2945,Mechanics,True
309,Q2473,Statistics,True
309,Q3162,Reading Comprehension,False
309,Q2087,Statistics,True
309,Q2550,Algebra,True
309,Q2024,Statistics,True
309,Q2767,Mechanics,False
309,Q3186,Reading Comprehension,False
309,Q2633,Inorganic,True
310,Q3489,Vocabulary,True
310,Q3616,Vocabulary,False
310,Q2908,Electricity & Magnetism,True
310,Q3352,Vocabulary,True
310,Q2154,Statistics,False
310,Q3275,Reading Comprehension,True
310,Q3700,Electricity & Magnetism,True
310,Q3627,Vocabulary,True
310,Q2193,Geometry,False
310,Q3276,Reading Comprehension,True
310,Q3428,Vocabulary,True
310,Q3532,Vocabulary,False
310,Q3356,Vocabulary,True
310,Q2720,Inorganic,True
310,Q2041,Algebra,True
310,Q3499,Vocabulary,True
310,Q3483,Vocabulary,False
310,Q2422,Algebra,False
310,Q3384,Vocabulary,False
310,Q3602,Vocabulary,True
310,Q2649,Inorganic,False
310,Q3021,Waves & Optics,False
310,Q2139,Algebra,True
310,Q3577,Vocabulary,False
310,Q2272,Algebra,False
310,Q3634,Vocabulary,True
310,Q3135,Reading Comprehension,True
310,Q3233,Reading Comprehension,True
310,Q3314,Vocabulary,True
311,Q2075,Geometry,False
311,Q2742,Mechanics,True
311,Q2957,Inorganic,True
311,Q3068,Reading Comprehension,True
311,Q2991,Mechanics,True
311,Q2018,Statistics,False
311,Q3055,Electricity & Magnetism,True
311,Q3001,Mechanics,False
311,Q2889,Inorganic,False
311,Q2959,Waves & Optics,False
311,Q2596,Mechanics,True
311,Q2271,Algebra,True
311,Q2197,Algebra,False
311,Q2940,Mechanics,True
311,Q3091,Reading Comprehension,False
311,Q3233,Reading Comprehension,True
311,Q2696,Inorganic,True
311,Q3017,Waves & Optics,False
311,Q2954,Mechanics,True
311,Q2736,Mechanics,True
311,Q2541,Geometry,True
311,Q2917,Inorganic,False
311,Q2267,Algebra,False
311,Q2645,Inorganic,False
311,Q3680,Grammar,True
312,Q2544,Algebra,False
312,Q3460,Grammar,True
312,Q3547,Vocabulary,True
312,Q2546,Algebra,False
312,Q2660,Inorganic,True
312,Q2301,Algebra,False
312,Q2398,Statistics,True
312,Q3200,Reading Comprehension,False
312,Q2234,Algebra,False
312,Q2215,Trigonometry,False
312,Q3567,Vocabulary,False
312,Q3700,Electricity & Magnetism,False
312,Q2384,Algebra,False
312,Q3682,Reading Comprehension,True
312,Q3110,Reading Comprehension,True
312,Q3586,Vocabulary,True
312,Q3194,Reading Comprehension,True
312,Q3195,Reading Comprehension,True
312,Q2878,Mechanics,True
312,Q3673,Statistics,True
312,Q3238,Reading Comprehension,False
312,Q2149,Statistics,True
312,Q2983,Mechanics,False
312,Q2771,Inorganic,True
312,Q2087,Statistics,True
312,Q3332,Vocabulary,True
312,Q3704,Waves & Optics,True
312,Q3234,Reading Comprehension,True
312,Q3404,Vocabulary,True
313,Q3204,Reading Comprehension,False
313,Q2356,Algebra,False
313,Q3715,Inorganic,False
313,Q3366,Vocabulary,False
313,Q3009,Mechanics,True
313,Q3323,Grammar,False
313,Q2572,Statistics,True
313,Q2066,Statistics,False
313,Q3174,Reading Comprehension,False
313,Q2558,Algebra,False
313,Q2689,Mechanics,True
313,Q3015,Inorganic,False
313,Q3327,Vocabulary,False
313,Q2945,Mechanics,True
313,Q2088,Algebra,True
313,Q2272,Algebra,False
313,Q2541,Geometry,False
313,Q2996,Mechanics,True
313,Q2247,Algebra,True
313,Q3678,Grammar,True
313,Q2479,Statistics,True
313,Q2990,Mechanics,True
313,Q3292,Reading Comprehension,False
313,Q2156,Algebra,False
313,Q2815,Inorganic,False
313,Q2510,Statistics,True
314,Q3182,Reading Comprehension,False
314,Q2542,Algebra,True
314,Q2461,Statistics,False
314,Q3407,Writing,True
314,Q3100,Reading Comprehension,True
314,Q2599,Inorganic,False
314,Q2973,Waves & Optics,True
314,Q2068,Statistics,True
314,Q2834,Mechanics,True
314,Q2820,Mechanics,True
314,Q3551,Vocabulary,False
314,Q2258,Statistics,False
314,Q3353,Vocabulary,False
314,Q3090,Reading Comprehension,True
314,Q3601,Vocabulary,False
314,Q3277,Reading Comprehension,False
314,Q2456,Algebra,False
314,Q3685,Reading Comprehension,False
314,Q3155,Reading Comprehension,False
314,Q2699,Waves & Optics,False
314,Q2012,Algebra,True
314,Q3612,Vocabulary,False
315,Q3440,Vocabulary,True
315,Q2434,Algebra,True
315,Q2303,Algebra,True
315,Q2259,Algebra,True
315,Q3687,Vocabulary,True
315,Q3007,Mechanics,True
315,Q2947,Inorganic,False
315,Q3172,Reading Comprehension,True
315,Q3236,Reading Comprehension,True
315,Q2043,Algebra,True
315,Q3452,Vocabulary,True
315,Q3256,Reading Comprehension,False
315,Q2904,Inorganic,True
315,Q2609,Physical Chemistry,False
315,Q3180,Reading Comprehension,True
315,Q2664,Inorganic,True
315,Q2892,Waves & Optics,True
315,Q2036,Algebra,True
315,Q3704,Waves & Optics,True
316,Q2532,Algebra,False
316,Q3505,Vocabulary,False
316,Q3543,Vocabulary,False
316,Q2882,Mechanics,True
316,Q3062,Reading Comprehension,False
316,Q3513,Vocabulary,True
316,Q2182,Algebra,False
316,Q2893,Electricity & Magnetism,False
316,Q2605,Electricity & Magnetism,True
316,Q2881,Mechanics,True
316,Q2483,Algebra,True
316,Q2231,Algebra,True
316,Q2430,Algebra,False
316,Q2660,Inorganic,False
316,Q2068,Statistics,True
317,Q2413,Algebra,True
317,Q2496,Algebra,True
317,Q2656,Electricity & Magnetism,True
317,Q3246,Reading Comprehension,False
317,Q3271,Reading Comprehension,False
317,Q2809,Mechanics,False
317,Q2271,Algebra,False
317,Q2276,Algebra,False
317,Q2822,Inorganic,True
317,Q2907,Electricity & Magnetism,True
317,Q3533,Vocabulary,True
317,Q3448,Vocabulary,True
317,Q2184,Statistics,True
317,Q2655,Inorganic,True
317,Q2397,Algebra,False
317,Q3255,Reading Comprehension,False
317,Q2090,Algebra,False
317,Q2887,Inorganic,True
317,Q3539,Vocabulary,True
317,Q2654,Electricity & Magnetism,True
317,Q2381,Statistics,True
317,Q3339,Vocabulary,True
317,Q3439,Vocabulary,False
317,Q2331,Algebra,True
317,Q2281,Algebra,True
318,Q2297,Algebra,True
318,Q2568,Algebra,False
318,Q3434,Vocabulary,False
318,Q2195,Algebra,True
318,Q3287,Reading Comprehension,True
318,Q3451,Vocabulary,False
318,Q3596,Vocabulary,True
318,Q2692,Mechanics,True
318,Q3395,Vocabulary,True
318,Q3063,Reading Comprehension,False
318,Q2714,Inorganic,True
318,Q3373,Vocabulary,True
318,Q2185,Algebra,False
318,Q3479,Grammar,True
318,Q2159,Statistics,True
319,Q2512,Algebra,False
319,Q3580,Grammar,True
319,Q2745,Inorganic,True
319,Q3485,Vocabulary,True
319,Q2724,Waves & Optics,True
319,Q3030,Mechanics,True
319,Q3598,Vocabulary,True
319,Q2178,Algebra,False
319,Q2073,Algebra,True
319,Q2347,Statistics,True
319,Q2774,Inorganic,False
319,Q2466,Statistics,False
319,Q2934,Inorganic,False
319,Q3105,Reading Comprehension,False
319,Q3123,Reading Comprehension,False
320,Q3227,Reading Comprehension,True
320,Q2576,Algebra,False
320,Q2460,Algebra,False
320,Q2200,Algebra,False
320,Q2204,Algebra,False
320,Q2771,Inorganic,False
320,Q2407,Statistics,True
320,Q3688,Vocabulary,False
320,Q2657,Electricity & Magnetism,True
320,Q2339,Algebra,False
320,Q3451,Vocabulary,True
320,Q3347,Vocabulary,False
320,Q2400,Algebra,False
320,Q3417,Vocabulary,False
320,Q2607,Mechanics,True
320,Q3476,Vocabulary,False
320,Q2605,Electricity & Magnetism,False
320,Q2955,Inorganic,False
320,Q3025,Inorganic,False
320,Q2416,Algebra,True
320,Q2746,Mechanics,False
320,Q2613,Electricity & Magnetism,False
320,Q2017,Statistics,True
320,Q3648,Vocabulary,False
320,Q3385,Vocabulary,False
320,Q3614,Vocabulary,False
320,Q3337,Vocabulary,False
321,Q3082,Reading Comprehension,False
321,Q2978,Mechanics,True
321,Q2545,Statistics,False
321,Q3073,Reading Comprehension,True
321,Q2171,Algebra,True
321,Q3439,Vocabulary,False
321,Q3405,Vocabulary,False
321,Q2630,Inorganic,False
321,Q2170,Algebra,False
321,Q3100,Reading Comprehension,True
321,Q2291,Algebra,True
321,Q3631,Vocabulary,False
321,Q3572,Vocabulary,False
321,Q2782,Inorganic,False
321,Q2888,Mechanics,False
321,Q2741,Inorganic,False
321,Q3333,Vocabulary,False
322,Q2567,Statistics,True
322,Q3714,Organic,True
322,Q2009,Geometry,False
322,Q2285,Algebra,True
322,Q2456,Algebra,True
322,Q3016,Waves & Optics,False
322,Q2902,Inorganic,False
322,Q2652,Waves & Optics,False
322,Q2639,Mechanics,True
322,Q2321,Algebra,True
322,Q2021,Algebra,True
322,Q3331,Vocabulary,False
322,Q2211,Statistics,True
322,Q2149,Statistics,True
322,Q3114,Reading Comprehension,True
322,Q3680,Grammar,False
322,Q2817,Inorganic,False
322,Q2164,Geometry,True
322,Q3000,Waves & Optics,False
322,Q3642,Vocabulary,False
322,Q2084,Algebra,True
322,Q3384,Vocabulary,True
322,Q2031,Statistics,True
322,Q3123,Reading Comprehension,True
322,Q3722,Physical Chemistry,True
322,Q2833,Inorganic,False
322,Q2379,Algebra,True
323,Q3317,Vocabulary,True
323,Q2835,Inorganic,False
323,Q3469,Grammar,True
323,Q3592,Vocabulary,False
323,Q3645,Vocabulary,True
323,Q2836,Mechanics,True
323,Q3079,Reading Comprehension,True
323,Q2082,Algebra,True
323,Q2405,Algebra,True
323,Q2621,Mechanics,False
323,Q3651,Vocabulary,True
323,Q3448,Vocabulary,True
323,Q3116,Reading Comprehension,False
323,Q3221,Reading Comprehension,True
323,Q2019,Algebra,True
323,Q3083,Reading Comprehension,True
323,Q2792,Inorganic,False
323,Q2682,Mechanics,False
323,Q2482,Algebra,False
323,Q2422,Algebra,False
323,Q2340,Algebra,False
323,Q3458,Vocabulary,True
323,Q3505,Vocabulary,True
323,Q3194,Reading Comprehension,True
324,Q3572,Vocabulary,False
324,Q2740,Inorganic,False
324,Q2724,Waves & Optics,False
324,Q2645,Inorganic,False
324,Q2865,Mechanics,False
324,Q3020,Electricity & Magnetism,True
324,Q3271,Reading Comprehension,True
324,Q2774,Inorganic,True
324,Q2100,Statistics,False
324,Q2788,Inorganic,False
324,Q3267,Reading Comprehension,True
324,Q2208,Algebra,True
324,Q3340,Vocabulary,True
324,Q3660,Geometry,False
324,Q2176,Statistics,True
324,Q2137,Statistics,True
324,Q3203,Reading Comprehension,True
324,Q3414,Vocabulary,True
324,Q3446,Vocabulary,False
324,Q2623,Waves & Optics,False
324,Q2747,Inorganic,True
324,Q2216,Statistics,True
324,Q3561,Vocabulary,False
324,Q2871,Mechanics,True
324,Q2848,Mechanics,True
324,Q3408,Vocabulary,True
324,Q3628,Grammar,True
325,Q2276,Algebra,True
325,Q3354,Vocabulary,True
325,Q3530,Vocabulary,True
325,Q2843,Electricity & Magnetism,True
325,Q3349,Vocabulary,True
325,Q2665,Waves & Optics,True
325,Q3571,Vocabulary,True
325,Q2666,Inorganic,False
325,Q3401,Vocabulary,True
325,Q2743,Inorganic,False
325,Q2540,Algebra,True
325,Q3593,Vocabulary,True
325,Q2415,Algebra,True
325,Q3010,Waves & Optics,True
325,Q2962,Inorganic,False
325,Q2045,Algebra,False
325,Q3582,Vocabulary,True
325,Q2659,Inorganic,True
325,Q2411,Statistics,True
325,Q2144,Algebra,True
325,Q3181,Reading Comprehension,False
325,Q2602,Mechanics,False
325,Q2508,Algebra,True
325,Q3381,Grammar,True
325,Q3073,Reading Comprehension,True
325,Q2344,Algebra,True
325,Q2619,Electricity & Magnetism,True
325,Q3576,Vocabulary,True
326,Q3176,Reading Comprehension,True
326,Q2845,Inorganic,True
326,Q2814,Inorganic,True
326,Q2933,Inorganic,True
326,Q2567,Statistics,False
326,Q3032,Inorganic,True
326,Q2734,Inorganic,True
326,Q3318,Vocabulary,True
326,Q2534,Algebra,False
326,Q2823,Inorganic,True
326,Q2135,Algebra,False
326,Q2549,Statistics,False
326,Q2218,Statistics,False
326,Q2364,Algebra,False
326,Q3085,Reading Comprehension,True
326,Q2911,Mechanics,False
326,Q3235,Reading Comprehension,True
326,Q2248,Algebra,False
326,Q3402,Vocabulary,False
326,Q2153,Algebra,False
326,Q2899,Inorganic,True
326,Q3595,Vocabulary,True
326,Q3308,Vocabulary,True
326,Q3540,Vocabulary,True
326,Q3696,Mechanics,True
326,Q3518,Vocabulary,True
326,Q3648,Vocabulary,False
327,Q2456,Algebra,False
327,Q3163,Reading Comprehension,False
327,Q3578,Vocabulary,True
327,Q2009,Geometry,True
327,Q2816,Inorganic,True
327,Q2714,Inorganic,False
327,Q2885,Waves & Optics,True
327,Q2062,Algebra,False
327,Q3151,Reading Comprehension,False
327,Q2313,Algebra,True
327,Q3478,Vocabulary,True
327,Q3173,Reading Comprehension,False
327,Q2733,Electricity & Magnetism,True
327,Q3323,Grammar,False
327,Q2879,Mechanics,False
327,Q2033,Statistics,True
327,Q3526,Vocabulary,True
327,Q3491,Vocabulary,True
327,Q2958,Electricity & Magnetism,True
328,Q2780,Inorganic,True
328,Q3338,Grammar,False
328,Q3124,Reading Comprehension,True
328,Q2304,Algebra,True
328,Q2077,Algebra,False
328,Q3231,Reading Comprehension,True
328,Q3500,Vocabulary,True
328,Q2985,Inorganic,True
328,Q2628,Inorganic,True
328,Q3173,Reading Comprehension,True
328,Q2705,Electricity & Magnetism,True
328,Q3577,Vocabulary,True
328,Q2725,Inorganic,False
328,Q2997,Inorganic,True
328,Q3238,Reading Comprehension,True
328,Q2545,Statistics,False
328,Q3715,Inorganic,True
328,Q2532,Algebra,True
328,Q3649,Vocabulary,False
328,Q3700,Electricity & Magnetism,False
328,Q3249,Reading Comprehension,True
328,Q2885,Waves & Optics,False
328,Q2450,Algebra,True
328,Q2483,Algebra,True
329,Q2857,Mechanics,False
329,Q2361,Statistics,True
329,Q3486,Vocabulary,False
329,Q3516,Vocabulary,False
329,Q2435,Algebra,False
329,Q2462,Algebra,True
329,Q3064,Reading Comprehension,False
329,Q2787,Inorganic,True
329,Q3293,Reading Comprehension,False
329,Q3336,Vocabulary,False
329,Q2418,Algebra,True
329,Q3492,Grammar,False
329,Q3588,Grammar,True
329,Q2640,Waves & Optics,True
329,Q2748,Electricity & Magnetism,False
329,Q2299,Algebra,True
329,Q2581,Algebra,True
329,Q3390,Vocabulary,True
329,Q3001,Mechanics,False
329,Q3150,Reading Comprehension,False
329,Q3029,Mechanics,True
329,Q3535,Vocabulary,False
329,Q2683,Inorganic,True
329,Q2545,Statistics,True
329,Q3608,Vocabulary,True
329,Q3629,Vocabulary,False
329,Q3010,Waves & Optics,False
329,Q3714,Organic,False
329,Q3487,Vocabulary,False
330,Q2650,Mechanics,True
330,Q2714,Inorganic,False
330,Q2850,Physical Chemistry,False
330,Q3023,Inorganic,True
330,Q2373,Statistics,False
330,Q2249,Statistics,False
330,Q3401,Vocabulary,True
330,Q2845,Inorganic,False
330,Q2448,Algebra,False
330,Q2486,Algebra,True
330,Q2447,Statistics,False
330,Q2165,Algebra,True
330,Q2687,Mechanics,False
330,Q3083,Reading Comprehension,True
330,Q2384,Algebra,True
330,Q2558,Algebra,True
330,Q3054,Inorganic,True
330,Q3024,Inorganic,False
330,Q3426,Grammar,False
330,Q3325,Vocabulary,True
330,Q3303,Reading Comprehension,False
330,Q2744,Inorganic,False
330,Q3591,Vocabulary,True
330,Q3420,Vocabulary,True
330,Q2712,Inorganic,True
330,Q3603,Vocabulary,True
330,Q3383,Vocabulary,True
331,Q3570,Vocabulary,True
331,Q3201,Reading Comprehension,True
331,Q3512,Vocabulary,True
331,Q3005,Waves & Optics,True
331,Q2077,Algebra,False
331,Q2991,Mechanics,True
331,Q3056,Electricity & Magnetism,True
331,Q2012,Algebra,True
331,Q2614,Electricity & Magnetism,True
331,Q3107,Reading Comprehension,True
331,Q2272,Algebra,False
331,Q2028,Algebra,False
331,Q2105,Statistics,False
331,Q3304,Vocabulary,True
331,Q3183,Reading Comprehension,True
331,Q3687,Vocabulary,False
331,Q2175,Algebra,False
331,Q2376,Algebra,False
331,Q3066,Reading Comprehension,False
331,Q3129,Reading Comprehension,False
331,Q2436,Geometry,True
331,Q3722,Physical Chemistry,False
331,Q2712,Inorganic,False
331,Q2552,Statistics,True
331,Q3427,Vocabulary,False
331,Q2110,Statistics,True
331,Q2701,Inorganic,True
331,Q3376,Vocabulary,True
332,Q3415,Vocabulary,False
332,Q3431,Vocabulary,False
332,Q3294,Reading Comprehension,True
332,Q3256,Reading Comprehension,True
332,Q3077,Reading Comprehension,True
332,Q2801,Mechanics,False
332,Q2653,Inorganic,True
332,Q2676,Inorganic,True
332,Q3494,Vocabulary,False
332,Q2255,Statistics,True
332,Q3057,Reading Comprehension,True
332,Q3459,Vocabulary,False
332,Q3714,Organic,True
332,Q2159,Statistics,True
332,Q3346,Vocabulary,False
332,Q2561,Trigonometry,True
332,Q3353,Vocabulary,False
332,Q2217,Algebra,False
332,Q3643,Vocabulary,False
332,Q2854,Mechanics,True
332,Q3379,Vocabulary,False
332,Q2192,Algebra,True
332,Q2358,Algebra,True
332,Q2935,Mechanics,True
332,Q2576,Algebra,True
333,Q3446,Vocabulary,True
333,Q3539,Vocabulary,True
333,Q2523,Algebra,True
333,Q2098,Trigonometry,False
333,Q3439,Vocabulary,True
333,Q2303,Algebra,True
333,Q2836,Mechanics,True
333,Q3605,Vocabulary,True
333,Q2792,Inorganic,True
333,Q2492,Algebra,True
333,Q3028,Waves & Optics,True
333,Q2793,Inorganic,False
333,Q3586,Vocabulary,True
333,Q2623,Waves & Optics,True
333,Q3262,Reading Comprehension,False
333,Q3019,Inorganic,False
333,Q2199,Statistics,True
334,Q3535,Vocabulary,False
334,Q2542,Algebra,True
334,Q3010,Waves & Optics,False
334,Q3232,Reading Comprehension,True
334,Q3367,Vocabulary,False
334,Q3142,Reading Comprehension,False
334,Q3568,Vocabulary,False
334,Q2839,Physical Chemistry,True
334,Q2895,Inorganic,True
334,Q3375,Vocabulary,True
334,Q3713,Organic,False
334,Q2666,Inorganic,True
334,Q3101,Reading Comprehension,False
334,Q3106,Reading Comprehension,False
334,Q3598,Vocabulary,False
334,Q3469,Grammar,False
334,Q2875,Waves & Optics,False
335,Q2375,Statistics,False
335,Q3425,Vocabulary,True
335,Q3053,Inorganic,False
335,Q2419,Algebra,True
335,Q2399,Statistics,True
335,Q3691,Writing,True
335,Q2415,Algebra,False
335,Q3307,Vocabulary,True
335,Q2149,Statistics,False
335,Q3347,Vocabulary,True
335,Q2022,Geometry,False
335,Q2157,Algebra,False
335,Q3635,Grammar,True
335,Q3154,Reading Comprehension,True
335,Q2072,Algebra,True
335,Q2439,Algebra,True
335,Q3248,Reading Comprehension,True
335,Q2627,Electricity & Magnetism,True
335,Q2143,Statistics,True
335,Q2622,Inorganic,False
335,Q3704,Waves & Optics,False
335,Q2579,Statistics,True
335,Q3267,Reading Comprehension,True
335,Q3509,Vocabulary,True
335,Q3278,Reading Comprehension,True
335,Q2278,Algebra,False
336,Q3629,Vocabulary,False
336,Q2997,Inorganic,True
336,Q2959,Waves & Optics,False
336,Q2209,Algebra,True
336,Q2729,Mechanics,False
336,Q3167,Reading Comprehension,False
336,Q3346,Vocabulary,False
336,Q2403,Algebra,True
336,Q3468,Vocabulary,False
336,Q2858,Mechanics,False
336,Q2131,Algebra,True
336,Q3038,Inorganic,True
336,Q3181,Reading Comprehension,True
336,Q3469,Grammar,False
336,Q3110,Reading Comprehension,True
336,Q3417,Vocabulary,False
336,Q2290,Algebra,True
336,Q2331,Algebra,True
336,Q2280,Algebra,True
336,Q3441,Vocabulary,False
336,Q2813,Inorganic,True
336,Q2861,Electricity & Magnetism,True
337,Q3703,Waves & Optics,False
337,Q2162,Algebra,True
337,Q2565,Statistics,True
337,Q2064,Algebra,False
337,Q2362,Algebra,False
337,Q2122,Algebra,False
337,Q3385,Vocabulary,True
337,Q2650,Mechanics,False
337,Q3416,Vocabulary,True
337,Q3207,Reading Comprehension,True
337,Q2256,Trigonometry,False
337,Q2120,Algebra,False
337,Q3224,Reading Comprehension,False
337,Q3497,Grammar,False
337,Q2245,Algebra,True
337,Q3673,Statistics,False
337,Q2126,Algebra,True
337,Q3064,Reading Comprehension,False
337,Q3501,Vocabulary,False
337,Q3386,Vocabulary,True
338,Q3514,Vocabulary,True
338,Q3115,Reading Comprehension,False
338,Q2769,Waves & Optics,False
338,Q3256,Reading Comprehension,True
338,Q3199,Reading Comprehension,True
338,Q3275,Reading Comprehension,True
338,Q3658,Algebra,True
338,Q2557,Algebra,True
338,Q3004,Inorganic,True
338,Q2717,Waves & Optics,False
338,Q3445,Vocabulary,True
338,Q2704,Inorganic,True
338,Q2017,Statistics,True
338,Q3605,Vocabulary,True
338,Q3135,Reading Comprehension,True
338,Q2664,Inorganic,True
338,Q2450,Algebra,False
338,Q3021,Waves & Optics,False
338,Q2591,Algebra,True
339,Q2443,Algebra,False
339,Q2994,Mechanics,False
339,Q2326,Algebra,True
339,Q2416,Algebra,True
339,Q2509,Algebra,True
339,Q2198,Algebra,False
339,Q2052,Algebra,False
339,Q3602,Vocabulary,False
339,Q2445,Algebra,True
339,Q3241,Reading Comprehension,True
339,Q2271,Algebra,False
339,Q2752,Inorganic,True
339,Q3623,Vocabulary,True
339,Q3614,Vocabulary,True
339,Q2277,Trigonometry,True
339,Q2228,Statistics,False
339,Q3681,Grammar,True
340,Q2893,Electricity & Magnetism,True
340,Q2475,Algebra,True
340,Q3207,Reading Comprehension,True
340,Q3711,Organic,True
340,Q2768,Inorganic,True
340,Q2666,Inorganic,False
340,Q2322,Statistics,False
340,Q2123,Algebra,True
340,Q3648,Vocabulary,False
340,Q2730,Mechanics,True
340,Q2806,Mechanics,True
340,Q3722,Physical Chemistry,True
340,Q3031,Inorganic,False
340,Q2973,Waves & Optics,False
340,Q2743,Inorganic,False
340,Q2146,Algebra,False
340,Q2249,Statistics,True
340,Q2224,Algebra,True
340,Q2727,Waves & Optics,False
340,Q2290,Algebra,True
340,Q2712,Inorganic,True
340,Q3004,Inorganic,True
341,Q2429,Algebra,True
341,Q2037,Statistics,False
341,Q3269,Reading Comprehension,False
341,Q3409,Vocabulary,True
341,Q2793,Inorganic,True
341,Q2687,Mechanics,False
341,Q3437,Vocabulary,True
341,Q2979,Mechanics,True
341,Q2054,Algebra,False
341,Q2407,Statistics,False
341,Q2222,Algebra,True
341,Q3498,Grammar,True
341,Q2963,Mechanics,True
341,Q2909,Electricity & Magnetism,False
341,Q2154,Statistics,False
342,Q2452,Algebra,False
342,Q2447,Statistics,False
342,Q3073,Reading Comprehension,True
342,Q3206,Reading Comprehension,True
342,Q2689,Mechanics,True
342,Q2430,Algebra,False
342,Q3228,Reading Comprehension,True
342,Q2728,Physical Chemistry,False
342,Q2700,Mechanics,True
342,Q3682,Reading Comprehension,False
342,Q3298,Reading Comprehension,False
342,Q3559,Vocabulary,False
342,Q3174,Reading Comprehension,True
342,Q3159,Reading Comprehension,False
342,Q2122,Algebra,False
342,Q2519,Algebra,False
342,Q2033,Statistics,False
342,Q2535,Algebra,False
343,Q3243,Reading Comprehension,True
343,Q2849,Physical Chemistry,True
343,Q2445,Algebra,True
343,Q3083,Reading Comprehension,True
343,Q2324,Algebra,False
343,Q3405,Vocabulary,False
343,Q2388,Algebra,True
343,Q3689,Vocabulary,False
343,Q3716,Inorganic,False
343,Q2238,Algebra,True
343,Q2182,Algebra,True
343,Q3527,Vocabulary,True
343,Q2644,Mechanics,False
343,Q3379,Vocabulary,False
343,Q2871,Mechanics,False
343,Q2752,Inorganic,False
343,Q2553,Algebra,False
343,Q2833,Inorganic,False
343,Q2305,Statistics,False
343,Q2185,Algebra,True
343,Q3052,Waves & Optics,False
343,Q2335,Algebra,True
343,Q2593,Statistics,False
343,Q3619,Vocabulary,True
343,Q3286,Reading Comprehension,True
344,Q3345,Vocabulary,False
344,Q3306,Vocabulary,False
344,Q2438,Algebra,False
344,Q2982,Inorganic,True
344,Q3052,Waves & Optics,False
344,Q2660,Inorganic,True
344,Q2507,Algebra,True
344,Q3508,Vocabulary,False
344,Q2165,Algebra,False
344,Q2828,Inorganic,False
344,Q3359,Vocabulary,True
344,Q2592,Statistics,False
344,Q2559,Algebra,False
344,Q3610,Vocabulary,False
344,Q3114,Reading Comprehension,True
344,Q2942,Electricity & Magnetism,True
344,Q2064,Algebra,True
344,Q2534,Algebra,False
345,Q2635,Electricity & Magnetism,False
345,Q3494,Vocabulary,True
345,Q2134,Statistics,True
345,Q2320,Algebra,True
345,Q2430,Algebra,False
345,Q2615,Electricity & Magnetism,True
345,Q3552,Vocabulary,False
345,Q3245,Reading Comprehension,False
345,Q2066,Statistics,True
345,Q2505,Algebra,True
345,Q3212,Reading Comprehension,True
345,Q3295,Reading Comprehension,False
345,Q3475,Vocabulary,True
345,Q3717,Inorganic,False
345,Q2928,Mechanics,False
345,Q2949,Waves & Optics,True
345,Q3357,Grammar,True
345,Q3338,Grammar,False
345,Q3035,Inorganic,True
345,Q3382,Vocabulary,False
346,Q2168,Statistics,False
346,Q2232,Algebra,False
346,Q3331,Vocabulary,False
346,Q3719,Inorganic,True
346,Q2605,Electricity & Magnetism,False
346,Q2218,Statistics,False
346,Q3473,Vocabulary,True
346,Q2792,Inorganic,True
346,Q2148,Algebra,True
346,Q2531,Geometry,True
346,Q2238,Algebra,True
346,Q3681,Grammar,True
346,Q2052,Algebra,True
346,Q2849,Physical Chemistry,False
346,Q2852,Physical Chemistry,True
346,Q2421,Algebra,False
346,Q3405,Vocabulary,True
347,Q2364,Algebra,True
347,Q3102,Reading Comprehension,True
347,Q2247,Algebra,True
347,Q3595,Vocabulary,False
347,Q2468,Algebra,True
347,Q2163,Algebra,False
347,Q2896,Inorganic,False
347,Q3192,Reading Comprehension,False
347,Q3517,Vocabulary,False
347,Q2783,Inorganic,False
347,Q3310,Vocabulary,False
347,Q3721,Physical Chemistry,True
347,Q2776,Inorganic,False
347,Q2345,Algebra,False
347,Q2923,Waves & Optics,False
348,Q3165,Reading Comprehension,True
348,Q3475,Vocabulary,True
348,Q2234,Algebra,True
348,Q2558,Algebra,True
348,Q2736,Mechanics,False
348,Q2126,Algebra,False
348,Q2264,Algebra,False
348,Q3666,Trigonometry,True
348,Q3414,Vocabulary,True
348,Q2420,Algebra,False
348,Q2327,Algebra,False
348,Q3017,Waves & Optics,True
348,Q2926,Electricity & Magnetism,False
348,Q2088,Algebra,False
348,Q3519,Vocabulary,False
348,Q2232,Algebra,False
348,Q3280,Reading Comprehension,False
348,Q3676,Statistics,True
349,Q2226,Algebra,False
349,Q2435,Algebra,False
349,Q2248,Algebra,False
349,Q3307,Vocabulary,True
349,Q3633,Vocabulary,False
349,Q2746,Mechanics,True
349,Q2515,Algebra,False
349,Q2429,Algebra,False
349,Q3712,Organic,False
349,Q2949,Waves & Optics,True
349,Q2283,Algebra,False
349,Q3520,Vocabulary,True
349,Q3569,Vocabulary,False
349,Q2715,Inorganic,False
349,Q3379,Vocabulary,False
349,Q3702,Electricity & Magnetism,False
349,Q2760,Inorganic,False
349,Q2502,Algebra,False
349,Q3461,Vocabulary,True
349,Q2825,Waves & Optics,True
349,Q2073,Algebra,False
349,Q3226,Reading Comprehension,False
350,Q3397,Vocabulary,True
350,Q2040,Statistics,False
350,Q2262,Algebra,True
350,Q2332,Algebra,False
350,Q2980,Inorganic,False
350,Q2539,Statistics,False
350,Q2341,Algebra,True
350,Q3234,Reading Comprehension,False
350,Q2474,Algebra,False
350,Q2538,Statistics,False
350,Q3455,Vocabulary,True
350,Q3213,Reading Comprehension,False
350,Q2820,Mechanics,False
350,Q3719,Inorganic,True
350,Q2245,Algebra,False
350,Q2134,Statistics,False
350,Q3623,Vocabulary,True
350,Q2212,Statistics,False
350,Q2284,Algebra,False
350,Q3388,Vocabulary,True
351,Q2697,Mechanics,True
351,Q3316,Vocabulary,False
351,Q2693,Mechanics,False
351,Q2583,Algebra,True
351,Q2058,Algebra,False
351,Q2400,Algebra,False
351,Q2576,Algebra,True
351,Q3028,Waves & Optics,False
351,Q3211,Reading Comprehension,True
351,Q3166,Reading Comprehension,True
351,Q2909,Electricity & Magnetism,True
351,Q3150,Reading Comprehension,True
351,Q2999,Inorganic,True
351,Q3275,Reading Comprehension,True
351,Q3214,Reading Comprehension,True
351,Q3711,Organic,True
351,Q3625,Grammar,True
351,Q3530,Vocabulary,False
351,Q2649,Inorganic,False
351,Q3213,Reading Comprehension,True
351,Q2125,Geometry,True
351,Q3141,Reading Comprehension,True
352,Q3263,Reading Comprehension,False
352,Q2041,Algebra,True
352,Q2806,Mechanics,True
352,Q2146,Algebra,True
352,Q3053,Inorganic,False
352,Q2742,Mechanics,True
352,Q2155,Algebra,True
352,Q3258,Reading Comprehension,False
352,Q2295,Algebra,True
352,Q2306,Algebra,True
352,Q2779,Physical Chemistry,False
352,Q3152,Reading Comprehension,True
352,Q3549,Vocabulary,False
352,Q2352,Algebra,True
352,Q2762,Waves & Optics,False
352,Q3528,Vocabulary,True
352,Q2213,Algebra,True
352,Q2656,Electricity & Magnetism,False
352,Q2062,Algebra,True
352,Q3272,Reading Comprehension,False
352,Q2450,Algebra,True
352,Q3028,Waves & Optics,False
352,Q3266,Reading Comprehension,False
352,Q3243,Reading Comprehension,False
352,Q2980,Inorganic,False
353,Q2080,Statistics,True
353,Q3158,Reading Comprehension,True
353,Q3265,Reading Comprehension,False
353,Q3715,Inorganic,True
353,Q3336,Vocabulary,False
353,Q2144,Algebra,False
353,Q2926,Electricity & Magnetism,True
353,Q3386,Vocabulary,True
353,Q2635,Electricity & Magnetism,True
353,Q3442,Vocabulary,True
353,Q2427,Algebra,False
353,Q2842,Inorganic,True
353,Q2355,Algebra,True
353,Q3505,Vocabulary,True
353,Q3307,Vocabulary,False
354,Q2651,Mechanics,False
354,Q2607,Mechanics,False
354,Q3468,Vocabulary,False
354,Q3723,Physical Chemistry,False
354,Q2593,Statistics,True
354,Q3410,Vocabulary,False
354,Q3683,Reading Comprehension,True
354,Q2642,Mechanics,False
354,Q2833,Inorganic,False
354,Q3102,Reading Comprehension,False
354,Q3255,Reading Comprehension,True
354,Q2590,Algebra,True
354,Q3661,Geometry,False
354,Q3467,Vocabulary,False
354,Q2129,Statistics,True
354,Q3694,Mechanics,False
354,Q2655,Inorganic,False
354,Q2269,Algebra,False
354,Q3446,Vocabulary,False
355,Q2784,Inorganic,True
355,Q2053,Algebra,True
355,Q3698,Mechanics,False
355,Q2956,Inorganic,False
355,Q2657,Electricity & Magnetism,True
355,Q2710,Inorganic,False
355,Q2131,Algebra,True
355,Q2484,Algebra,True
355,Q2437,Geometry,False
355,Q3095,Reading Comprehension,True
355,Q2770,Inorganic,True
355,Q3651,Vocabulary,True
355,Q3673,Statistics,True
355,Q2565,Statistics,False
355,Q2693,Mechanics,True
355,Q3159,Reading Comprehension,True
355,Q2027,Statistics,True
355,Q2160,Algebra,True
355,Q2114,Algebra,True
355,Q3319,Vocabulary,False
355,Q2825,Waves & Optics,True
355,Q3270,Reading Comprehension,False
355,Q2334,Statistics,False
356,Q2546,Algebra,True
356,Q3103,Reading Comprehension,False
356,Q3095,Reading Comprehension,True
356,Q3670,Calculus,True
356,Q2621,Mechanics,True
356,Q3447,Vocabulary,False
356,Q3443,Vocabulary,False
356,Q3319,Vocabulary,False
356,Q2153,Algebra,False
356,Q2871,Mechanics,True
356,Q3535,Vocabulary,False
356,Q3237,Reading Comprehension,False
356,Q2857,Mechanics,True
356,Q3184,Reading Comprehension,False
356,Q3205,Reading Comprehension,True
356,Q2417,Algebra,False
356,Q3265,Reading Comprehension,False
356,Q3170,Reading Comprehension,False
356,Q2846,Mechanics,True
356,Q2564,Algebra,False
356,Q2349,Statistics,False
356,Q2144,Algebra,False
356,Q2474,Algebra,True
356,Q2756,Mechanics,True
356,Q3127,Reading Comprehension,True
356,Q3291,Reading Comprehension,True
356,Q2834,Mechanics,True
357,Q2083,Algebra,True
357,Q3303,Reading Comprehension,False
357,Q2407,Statistics,True
357,Q2414,Geometry,False
357,Q3390,Vocabulary,False
357,Q2689,Mechanics,True
357,Q2259,Algebra,True
357,Q2968,Electricity & Magnetism,True
357,Q3240,Reading Comprehension,True
357,Q3508,Vocabulary,True
357,Q3287,Reading Comprehension,True
357,Q2678,Waves & Optics,True
357,Q3215,Reading Comprehension,True
357,Q3153,Reading Comprehension,True
357,Q2711,Inorganic,True
357,Q3017,Waves & Optics,False
357,Q3608,Vocabulary,False
357,Q2739,Inorganic,False
357,Q3056,Electricity & Magnetism,True
357,Q2662,Inorganic,False
357,Q3559,Vocabulary,False
357,Q2327,Algebra,True
357,Q2805,Inorganic,True
357,Q3582,Vocabulary,False
357,Q2869,Waves & Optics,False
357,Q3061,Reading Comprehension,True
357,Q2854,Mechanics,True
357,Q3214,Reading Comprehension,False
357,Q2516,Algebra,True
358,Q2787,Inorganic,False
358,Q2120,Algebra,False
358,Q3299,Reading Comprehension,True
358,Q3467,Vocabulary,True
358,Q2948,Inorganic,True
358,Q3218,Reading Comprehension,True
358,Q3376,Vocabulary,True
358,Q3479,Grammar,True
358,Q2535,Algebra,True
358,Q3027,Physical Chemistry,True
358,Q2251,Algebra,False
358,Q3007,Mechanics,True
358,Q2115,Algebra,False
358,Q2989,Mechanics,True
358,Q3336,Vocabulary,True
358,Q2139,Algebra,False
358,Q2618,Waves & Optics,True
358,Q2691,Mechanics,True
358,Q2116,Algebra,False
358,Q2337,Geometry,False
358,Q3498,Grammar,True
358,Q2201,Algebra,True
358,Q2348,Algebra,False
358,Q3006,Inorganic,False
359,Q3301,Reading Comprehension,True
359,Q2340,Algebra,False
359,Q2233,Statistics,True
359,Q2542,Algebra,True
359,Q2642,Mechanics,True
359,Q2783,Inorganic,True
359,Q3370,Vocabulary,True
359,Q2207,Statistics,True
359,Q2633,Inorganic,True
359,Q2905,Inorganic,False
359,Q3700,Electricity & Magnetism,False
359,Q2252,Algebra,True
359,Q2891,Waves & Optics,False
359,Q2687,Mechanics,True
359,Q2682,Mechanics,True
359,Q3631,Vocabulary,True
359,Q3168,Reading Comprehension,True
359,Q3044,Waves & Optics,False
359,Q3687,Vocabulary,True
359,Q2408,Statistics,False
359,Q3705,Waves & Optics,False
360,Q3257,Reading Comprehension,True
360,Q2399,Statistics,False
360,Q2085,Statistics,False
360,Q3258,Reading Comprehension,False
360,Q3705,Waves & Optics,False
360,Q2382,Algebra,True
360,Q2233,Statistics,False
360,Q3304,Vocabulary,False
360,Q3260,Reading Comprehension,True
360,Q2329,Geometry,False
360,Q2262,Algebra,False
360,Q2423,Algebra,False
360,Q2264,Algebra,False
360,Q3132,Reading Comprehension,True
360,Q3577,Vocabulary,True
360,Q2655,Inorganic,False
360,Q3182,Reading Comprehension,True
360,Q2533,Algebra,True
360,Q2355,Algebra,True
360,Q3003,Inorganic,True
360,Q3384,Vocabulary,True
360,Q2887,Inorganic,True
360,Q3701,Electricity & Magnetism,False
361,Q3359,Vocabulary,False
361,Q2945,Mechanics,True
361,Q3355,Vocabulary,False
361,Q2234,Algebra,False
361,Q2013,Geometry,True
361,Q2767,Mechanics,False
361,Q3264,Reading Comprehension,True
361,Q2809,Mechanics,False
361,Q2782,Inorganic,True
361,Q3439,Vocabulary,False
361,Q2359,Statistics,False
361,Q2822,Inorganic,True
361,Q3612,Vocabulary,False
361,Q2558,Algebra,True
361,Q2844,Physical Chemistry,True
361,Q2743,Inorganic,True
361,Q2084,Algebra,False
361,Q3128,Reading Comprehension,False
361,Q2417,Algebra,False
362,Q3339,Vocabulary,True
362,Q3169,Reading Comprehension,False
362,Q2960,Mechanics,False
362,Q2109,Algebra,True
362,Q2493,Statistics,False
362,Q2292,Algebra,True
362,Q2850,Physical Chemistry,False
362,Q2968,Electricity & Magnetism,True
362,Q2671,Waves & Optics,True
362,Q2024,Statistics,True
362,Q3226,Reading Comprehension,True
362,Q2455,Algebra,True
362,Q3010,Waves & Optics,True
362,Q2232,Algebra,True
362,Q2100,Statistics,True
362,Q2379,Algebra,False
362,Q2254,Algebra,True
362,Q3329,Vocabulary,True
362,Q2767,Mechanics,True
362,Q3632,Vocabulary,False
362,Q2425,Algebra,False
363,Q2986,Mechanics,False
363,Q3673,Statistics,True
363,Q2721,Inorganic,False
363,Q2037,Statistics,True
363,Q2045,Algebra,True
363,Q2639,Mechanics,False
363,Q2092,Statistics,True
363,Q2872,Mechanics,True
363,Q2678,Waves & Optics,False
363,Q3501,Vocabulary,True
363,Q2586,Statistics,True
363,Q2836,Mechanics,False
363,Q2950,Inorganic,False
363,Q3670,Calculus,True
363,Q3496,Vocabulary,True
363,Q2420,Algebra,True
363,Q2266,Algebra,False
363,Q3466,Vocabulary,True
363,Q2562,Algebra,False
363,Q3510,Vocabulary,True
363,Q3476,Vocabulary,True
363,Q2328,Geometry,False
363,Q2784,Inorganic,False
363,Q2505,Algebra,False
363,Q2580,Algebra,False
363,Q3428,Vocabulary,True
363,Q2500,Algebra,False
364,Q3213,Reading Comprehension,True
364,Q2522,Trigonometry,False
364,Q2328,Geometry,False
364,Q2153,Algebra,True
364,Q3666,Trigonometry,False
364,Q3229,Reading Comprehension,True
364,Q3647,Vocabulary,False
364,Q2761,Mechanics,False
364,Q3675,Statistics,True
364,Q2088,Algebra,False
364,Q3319,Vocabulary,False
364,Q2520,Algebra,True
364,Q2368,Algebra,True
364,Q2572,Statistics,False
364,Q2155,Algebra,False
364,Q3507,Vocabulary,False
364,Q2215,Trigonometry,True
364,Q3430,Vocabulary,False
364,Q2653,Inorganic,True
364,Q2943,Inorganic,True
364,Q3172,Reading Comprehension,True
364,Q2690,Inorganic,False
365,Q2578,Geometry,False
365,Q2051,Algebra,False
365,Q3073,Reading Comprehension,True
365,Q2972,Inorganic,False
365,Q3454,Vocabulary,False
365,Q2820,Mechanics,True
365,Q2225,Statistics,True
365,Q2511,Algebra,False
365,Q3135,Reading Comprehension,True
365,Q2995,Physical Chemistry,True
365,Q2207,Statistics,False
365,Q2821,Inorganic,True
365,Q3428,Vocabulary,True
365,Q3246,Reading Comprehension,False
365,Q3078,Reading Comprehension,True
365,Q3158,Reading Comprehension,False
365,Q3162,Reading Comprehension,False
365,Q2141,Algebra,False
365,Q2843,Electricity & Magnetism,True
365,Q3505,Vocabulary,True
365,Q2412,Algebra,False
365,Q2854,Mechanics,False
365,Q3145,Reading Comprehension,True
366,Q2148,Algebra,False
366,Q2344,Algebra,False
366,Q2696,Inorganic,False
366,Q3689,Vocabulary,False
366,Q3042,Waves & Optics,True
366,Q2962,Inorganic,False
366,Q2422,Algebra,False
366,Q2586,Statistics,True
366,Q3388,Vocabulary,False
366,Q2484,Algebra,False
366,Q2138,Statistics,False
366,Q3524,Vocabulary,False
366,Q3019,Inorganic,True
366,Q3203,Reading Comprehension,True
366,Q3295,Reading Comprehension,True
366,Q3150,Reading Comprehension,True
366,Q2853,Mechanics,False
366,Q3058,Reading Comprehension,True
366,Q2224,Algebra,False
366,Q3158,Reading Comprehension,True
367,Q2686,Mechanics,True
367,Q2243,Statistics,True
367,Q2719,Inorganic,False
367,Q3006,Inorganic,False
367,Q3273,Reading Comprehension,True
367,Q3643,Vocabulary,True
367,Q3390,Vocabulary,False
367,Q2577,Algebra,False
367,Q3329,Vocabulary,False
367,Q3453,Vocabulary,False
367,Q3480,Vocabulary,False
367,Q2047,Algebra,False
367,Q3253,Reading Comprehension,True
367,Q3371,Vocabulary,False
367,Q2431,Statistics,False
367,Q2011,Geometry,False
367,Q2483,Algebra,False
367,Q3717,Inorganic,False
367,Q2036,Algebra,False
368,Q2888,Mechanics,True
368,Q2770,Inorganic,True
368,Q3479,Grammar,True
368,Q2567,Statistics,False
368,Q2691,Mechanics,True
368,Q2946,Electricity & Magnetism,True
368,Q3009,Mechanics,True
368,Q3102,Reading Comprehension,False
368,Q2811,Inorganic,False
368,Q3616,Vocabulary,False
368,Q3023,Inorganic,False
368,Q2486,Algebra,False
368,Q3247,Reading Comprehension,False
368,Q3222,Reading Comprehension,False
368,Q3271,Reading Comprehension,False
368,Q2895,Inorganic,False
368,Q2547,Algebra,True
368,Q3043,Inorganic,True
368,Q2203,Algebra,True
368,Q2938,Inorganic,False
368,Q2518,Geometry,True
368,Q3355,Vocabulary,False
368,Q2474,Algebra,False
368,Q2700,Mechanics,False
368,Q3221,Reading Comprehension,True
369,Q3372,Vocabulary,True
369,Q3390,Vocabulary,False
369,Q2639,Mechanics,False
369,Q2084,Algebra,True
369,Q2796,Mechanics,False
369,Q3324,Vocabulary,True
369,Q2491,Algebra,True
369,Q2183,Statistics,True
369,Q2031,Statistics,True
369,Q2321,Algebra,True
369,Q3299,Reading Comprehension,False
369,Q3594,Vocabulary,True
369,Q2891,Waves & Optics,False
369,Q2869,Waves & Optics,False
369,Q3695,Mechanics,False
369,Q3123,Reading Comprehension,False
369,Q2966,Inorganic,True
369,Q3319,Vocabulary,True
369,Q2524,Statistics,False
369,Q2659,Inorganic,True
369,Q2405,Algebra,False
369,Q2999,Inorganic,True
369,Q2611,Physical Chemistry,True
369,Q2136,Algebra,True
370,Q3447,Vocabulary,False
370,Q3002,Mechanics,True
370,Q3132,Reading Comprehension,False
370,Q2199,Statistics,True
370,Q3681,Grammar,False
370,Q2022,Geometry,False
370,Q2597,Mechanics,True
370,Q3258,Reading Comprehension,True
370,Q3552,Vocabulary,False
370,Q3611,Vocabulary,True
370,Q2729,Mechanics,False
370,Q2391,Statistics,False
370,Q2011,Geometry,False
370,Q2700,Mechanics,True
370,Q2154,Statistics,True
371,Q3546,Grammar,False
371,Q2698,Waves & Optics,True
371,Q2536,Algebra,True
371,Q2249,Statistics,True
371,Q3342,Vocabulary,True
371,Q3346,Vocabulary,False
371,Q2368,Algebra,False
371,Q2252,Algebra,True
371,Q3470,Vocabulary,True
371,Q2550,Algebra,False
371,Q2261,Trigonometry,False
371,Q2413,Algebra,False
371,Q3351,Vocabulary,False
371,Q2234,Algebra,True
371,Q2816,Inorganic,False
372,Q3681,Grammar,False
372,Q2144,Algebra,False
372,Q2325,Geometry,False
372,Q2708,Physical Chemistry,True
372,Q2253,Algebra,False
372,Q2237,Algebra,False
372,Q2815,Inorganic,True
372,Q3303,Reading Comprehension,False
372,Q3237,Reading Comprehension,True
372,Q2724,Waves & Optics,True
372,Q2404,Algebra,False
372,Q2069,Algebra,False
372,Q2140,Statistics,False
372,Q3385,Vocabulary,True
372,Q2282,Algebra,True
372,Q3007,Mechanics,False
372,Q2603,Mechanics,False
372,Q2609,Physical Chemistry,True
372,Q2312,Geometry,True
372,Q2681,Mechanics,True
372,Q2807,Mechanics,False
372,Q2887,Inorganic,True
372,Q2235,Algebra,True
372,Q3632,Vocabulary,False
372,Q3683,Reading Comprehension,False
372,Q3502,Vocabulary,False
372,Q2734,Inorganic,True
372,Q2586,Statistics,True
372,Q2790,Inorganic,True
373,Q2442,Algebra,False
373,Q3332,Vocabulary,False
373,Q3660,Geometry,True
373,Q2542,Algebra,False
373,Q3040,Physical Chemistry,False
373,Q3383,Vocabulary,False
373,Q3158,Reading Comprehension,True
373,Q2490,Algebra,False
373,Q3032,Inorganic,True
373,Q2148,Algebra,False
373,Q2144,Algebra,False
373,Q3026,Mechanics,False
373,Q3470,Vocabulary,False
373,Q2671,Waves & Optics,False
373,Q2852,Physical Chemistry,True
373,Q2153,Algebra,False
373,Q3487,Vocabulary,True
374,Q3453,Vocabulary,True
374,Q2819,Inorganic,False
374,Q2427,Algebra,False
374,Q3436,Vocabulary,True
374,Q2630,Inorganic,True
374,Q3637,Vocabulary,True
374,Q2167,Algebra,False
374,Q2580,Algebra,False
374,Q2194,Statistics,False
374,Q3520,Vocabulary,True
374,Q2000,Statistics,True
374,Q2093,Statistics,True
374,Q3125,Reading Comprehension,False
374,Q2850,Physical Chemistry,True
374,Q2780,Inorganic,True
374,Q2768,Inorganic,True
374,Q2398,Statistics,True
374,Q2381,Statistics,True
374,Q3083,Reading Comprehension,True
374,Q2767,Mechanics,True
374,Q2490,Algebra,False
374,Q3256,Reading Comprehension,True
374,Q2257,Statistics,False
374,Q2919,Inorganic,True
375,Q2438,Algebra,True
375,Q2880,Mechanics,False
375,Q2283,Algebra,False
375,Q3597,Vocabulary,True
375,Q2528,Algebra,False
375,Q2951,Electricity & Magnetism,True
375,Q2699,Waves & Optics,False
375,Q3622,Vocabulary,True
375,Q2207,Statistics,False
375,Q3695,Mechanics,False
375,Q2116,Algebra,False
375,Q2439,Algebra,False
375,Q2564,Algebra,True
375,Q2396,Statistics,False
375,Q3067,Reading Comprehension,True
375,Q2890,Inorganic,True
375,Q2001,Algebra,True
375,Q3257,Reading Comprehension,True
375,Q2964,Mechanics,False
376,Q3207,Reading Comprehension,True
376,Q3047,Inorganic,False
376,Q3248,Reading Comprehension,True
376,Q2322,Statistics,True
376,Q2774,Inorganic,False
376,Q3091,Reading Comprehension,True
376,Q3126,Reading Comprehension,False
376,Q2264,Algebra,True
376,Q3168,Reading Comprehension,True
376,Q2388,Algebra,True
376,Q2389,Algebra,True
376,Q2582,Algebra,True
376,Q3208,Reading Comprehension,True
376,Q3327,Vocabulary,False
376,Q2134,Statistics,False
376,Q2839,Physical Chemistry,False
376,Q2226,Algebra,True
376,Q3574,Vocabulary,False
376,Q3281,Reading Comprehension,False
376,Q3190,Reading Comprehension,False
377,Q3014,Mechanics,False
377,Q2601,Mechanics,False
377,Q3229,Reading Comprehension,True
377,Q3546,Grammar,True
377,Q2939,Inorganic,True
377,Q2052,Algebra,False
377,Q3295,Reading Comprehension,False
377,Q3038,Inorganic,True
377,Q2032,Statistics,False
377,Q3674,Statistics,True
377,Q2327,Algebra,False
377,Q3607,Vocabulary,True
377,Q3243,Reading Comprehension,True
377,Q3260,Reading Comprehension,False
377,Q2825,Waves & Optics,True
377,Q2340,Algebra,False
377,Q2289,Algebra,False
378,Q2462,Algebra,True
378,Q3074,Reading Comprehension,True
378,Q2451,Algebra,True
378,Q3028,Waves & Optics,True
378,Q2842,Inorganic,False
378,Q3213,Reading Comprehension,True
378,Q3480,Vocabulary,False
378,Q2718,Inorganic,True
378,Q3598,Vocabulary,False
378,Q3162,Reading Comprehension,True
378,Q3619,Vocabulary,True
378,Q3620,Vocabulary,True
378,Q3489,Vocabulary,True
378,Q3325,Vocabulary,False
378,Q3190,Reading Comprehension,True
378,Q3434,Vocabulary,False
378,Q2496,Algebra,False
378,Q3364,Vocabulary,True
378,Q2642,Mechanics,False
378,Q3007,Mechanics,False
378,Q2270,Geometry,True
378,Q2141,Algebra,False
378,Q2634,Waves & Optics,True
378,Q2947,Inorganic,False
378,Q2629,Electricity & Magnetism,False
378,Q2006,Algebra,False
379,Q3072,Reading Comprehension,True
379,Q3434,Vocabulary,False
379,Q3594,Vocabulary,True
379,Q3635,Grammar,False
379,Q2315,Geometry,True
379,Q3241,Reading Comprehension,True
379,Q2157,Algebra,True
379,Q2689,Mechanics,True
379,Q3251,Reading Comprehension,False
379,Q2988,Mechanics,False
379,Q3379,Vocabulary,True
379,Q2899,Inorganic,True
379,Q2564,Algebra,True
379,Q2068,Statistics,False
379,Q2375,Statistics,False
379,Q2558,Algebra,False
379,Q2935,Mechanics,False
379,Q2557,Algebra,True
379,Q2751,Electricity & Magnetism,False
380,Q2532,Algebra,False
380,Q3275,Reading Comprehension,True
380,Q3333,Vocabulary,True
380,Q2155,Algebra,True
380,Q3683,Reading Comprehension,True
380,Q2785,Inorganic,True
380,Q3361,Vocabulary,True
380,Q2077,Algebra,False
380,Q2441,Algebra,False
380,Q2484,Algebra,False
380,Q3552,Vocabulary,True
380,Q3284,Reading Comprehension,False
380,Q3648,Vocabulary,True
380,Q2020,Statistics,True
380,Q2529,Algebra,False
380,Q2747,Inorganic,True
380,Q3159,Reading Comprehension,True
381,Q2553,Algebra,True
381,Q2048,Algebra,True
381,Q3179,Reading Comprehension,False
381,Q2451,Algebra,True
381,Q3149,Reading Comprehension,False
381,Q2936,Inorganic,False
381,Q2545,Statistics,True
381,Q3678,Grammar,True
381,Q3621,Vocabulary,False
381,Q2544,Algebra,False
381,Q2187,Statistics,True
381,Q3082,Reading Comprehension,False
381,Q3372,Vocabulary,False
381,Q2260,Algebra,False
381,Q2153,Algebra,True
382,Q2441,Algebra,True
382,Q2281,Algebra,True
382,Q3392,Vocabulary,False
382,Q2902,Inorganic,False
382,Q3100,Reading Comprehension,False
382,Q3227,Reading Comprehension,False
382,Q2606,Inorganic,False
382,Q2847,Physical Chemistry,False
382,Q2759,Organic,True
382,Q2924,Waves & Optics,False
382,Q3439,Vocabulary,False
382,Q3120,Reading Comprehension,False
382,Q2623,Waves & Optics,False
382,Q2667,Waves & Optics,False
382,Q3606,Grammar,False
382,Q2064,Algebra,True
382,Q2807,Mechanics,False
382,Q3721,Physical Chemistry,False
382,Q3357,Grammar,True
382,Q2952,Mechanics,False
382,Q3122,Reading Comprehension,False
383,Q3675,Statistics,False
383,Q2533,Algebra,True
383,Q2574,Algebra,False
383,Q3487,Vocabulary,True
383,Q3330,Vocabulary,True
383,Q3065,Reading Comprehension,True
383,Q2946,Electricity & Magnetism,False
383,Q2187,Statistics,False
383,Q2791,Inorganic,True
383,Q2604,Inorganic,True
383,Q2500,Algebra,True
383,Q2032,Statistics,False
383,Q3123,Reading Comprehension,False
383,Q2927,Inorganic,True
383,Q3461,Vocabulary,False
383,Q2687,Mechanics,True
383,Q3619,Vocabulary,True
383,Q2288,Algebra,True
383,Q2668,Waves & Optics,False
383,Q3249,Reading Comprehension,True
384,Q2028,Algebra,False
384,Q2206,Algebra,True
384,Q3123,Reading Comprehension,True
384,Q2625,Mechanics,True
384,Q2956,Inorganic,True
384,Q3454,Vocabulary,True
384,Q2006,Algebra,False
384,Q2902,Inorganic,True
384,Q3613,Vocabulary,False
384,Q2849,Physical Chemistry,False
384,Q2244,Algebra,False
384,Q2828,Inorganic,True
384,Q3682,Reading Comprehension,True
384,Q2360,Algebra,False
384,Q2742,Mechanics,False
384,Q2969,Waves & Optics,False
384,Q2410,Statistics,True
384,Q2065,Algebra,False
384,Q3128,Reading Comprehension,False
384,Q3419,Vocabulary,True
384,Q3287,Reading Comprehension,True
384,Q2054,Algebra,False
384,Q2222,Algebra,False
385,Q3503,Vocabulary,False
385,Q2507,Algebra,False
385,Q2747,Inorganic,False
385,Q3458,Vocabulary,False
385,Q2030,Algebra,False
385,Q3251,Reading Comprehension,True
385,Q2584,Statistics,True
385,Q3243,Reading Comprehension,True
385,Q2242,Algebra,False
385,Q2641,Inorganic,False
385,Q2854,Mechanics,False
385,Q3154,Reading Comprehension,True
385,Q2349,Statistics,True
385,Q3225,Reading Comprehension,True
385,Q2332,Algebra,False
385,Q3420,Vocabulary,False
385,Q3442,Vocabulary,True
385,Q3699,Electricity & Magnetism,False
385,Q2370,Algebra,False
385,Q3647,Vocabulary,False
385,Q3100,Reading Comprehension,False
385,Q3467,Vocabulary,True
385,Q3656,Algebra,False
386,Q2480,Algebra,True
386,Q3606,Grammar,False
386,Q3484,Vocabulary,False
386,Q2502,Algebra,True
386,Q2456,Algebra,False
386,Q2506,Algebra,True
386,Q3516,Vocabulary,True
386,Q3240,Reading Comprehension,True
386,Q2104,Algebra,False
386,Q2539,Statistics,True
386,Q2475,Algebra,True
386,Q2772,Inorganic,True
386,Q2375,Statistics,True
386,Q2132,Algebra,False
386,Q2851,Physical Chemistry,False
386,Q2962,Inorganic,True
386,Q2330,Geometry,True
386,Q2819,Inorganic,True
386,Q2489,Algebra,False
386,Q2488,Algebra,True
386,Q2554,Algebra,True
386,Q3425,Vocabulary,False
386,Q2442,Algebra,True
386,Q2882,Mechanics,True
386,Q2461,Statistics,True
387,Q3364,Vocabulary,True
387,Q3023,Inorganic,False
387,Q3000,Waves & Optics,False
387,Q2090,Algebra,False
387,Q2859,Electricity & Magnetism,False
387,Q3249,Reading Comprehension,True
387,Q3206,Reading Comprehension,False
387,Q2467,Statistics,False
387,Q3166,Reading Comprehension,True
387,Q2590,Algebra,True
387,Q3551,Vocabulary,True
387,Q3103,Reading Comprehension,True
387,Q2241,Geometry,True
387,Q2689,Mechanics,False
387,Q3116,Reading Comprehension,False
387,Q2130,Geometry,True
388,Q2329,Geometry,False
388,Q2482,Algebra,True
388,Q2752,Inorganic,True
388,Q2712,Inorganic,False
388,Q2675,Inorganic,False
388,Q2218,Statistics,True
388,Q2190,Algebra,False
388,Q3656,Algebra,True
388,Q2196,Algebra,True
388,Q2725,Inorganic,False
388,Q3375,Vocabulary,False
388,Q2758,Inorganic,False
388,Q3359,Vocabulary,True
388,Q2973,Waves & Optics,True
388,Q3086,Reading Comprehension,True
388,Q3221,Reading Comprehension,True
388,Q2507,Algebra,True
388,Q3496,Vocabulary,True
388,Q3215,Reading Comprehension,True
388,Q2491,Algebra,False
388,Q3280,Reading Comprehension,True
388,Q2988,Mechanics,True
389,Q2828,Inorganic,False
389,Q3324,Vocabulary,False
389,Q3018,Mechanics,False
389,Q2719,Inorganic,False
389,Q2424,Algebra,False
389,Q2136,Algebra,True
389,Q2268,Algebra,True
389,Q2036,Algebra,False
389,Q2575,Algebra,True
389,Q3231,Reading Comprehension,True
389,Q2693,Mechanics,False
389,Q3552,Vocabulary,False
389,Q2972,Inorganic,False
389,Q2607,Mechanics,False
389,Q3218,Reading Comprehension,True
389,Q3175,Reading Comprehension,False
389,Q2132,Algebra,False
389,Q2384,Algebra,True
389,Q3567,Vocabulary,False
389,Q2278,Algebra,True
389,Q3645,Vocabulary,True
389,Q2661,Electricity & Magnetism,True
389,Q2228,Statistics,False
389,Q2192,Algebra,True
389,Q2595,Electricity & Magnetism,True
389,Q3380,Vocabulary,True
389,Q2753,Inorganic,False
389,Q3641,Vocabulary,False
390,Q3445,Vocabulary,False
390,Q3209,Reading Comprehension,True
390,Q3415,Vocabulary,False
390,Q3333,Vocabulary,False
390,Q3561,Vocabulary,False
390,Q3666,Trigonometry,True
390,Q2107,Trigonometry,True
390,Q3670,Calculus,False
390,Q2904,Inorganic,False
390,Q2853,Mechanics,True
390,Q3167,Reading Comprehension,True
390,Q2342,Algebra,True
390,Q2226,Algebra,True
390,Q3495,Vocabulary,False
390,Q3055,Electricity & Magnetism,False
390,Q2317,Geometry,True
390,Q2877,Mechanics,True
390,Q3202,Reading Comprehension,True
390,Q2431,Statistics,True
390,Q3293,Reading Comprehension,True
390,Q2769,Waves & Optics,False
390,Q3289,Reading Comprehension,True
390,Q2492,Algebra,True
390,Q2854,Mechanics,True
390,Q2237,Algebra,True
390,Q3142,Reading Comprehension,True
390,Q3069,Reading Comprehension,True
391,Q2866,Inorganic,False
391,Q3346,Vocabulary,False
391,Q2078,Statistics,True
391,Q2054,Algebra,False
391,Q2825,Waves & Optics,False
391,Q2527,Algebra,False
391,Q3479,Grammar,False
391,Q3629,Vocabulary,False
391,Q2535,Algebra,False
391,Q2116,Algebra,False
391,Q2763,Inorganic,False
391,Q3127,Reading Comprehension,True
391,Q2092,Statistics,True
391,Q2961,Mechanics,True
391,Q3644,Vocabulary,False
392,Q3433,Vocabulary,True
392,Q3326,Vocabulary,True
392,Q2243,Statistics,False
392,Q2431,Statistics,False
392,Q3606,Grammar,True
392,Q3538,Vocabulary,True
392,Q2583,Algebra,True
392,Q2460,Algebra,False
392,Q2189,Algebra,True
392,Q2035,Statistics,False
392,Q2058,Algebra,True
392,Q3255,Reading Comprehension,False
392,Q2069,Algebra,True
392,Q2232,Algebra,True
392,Q2524,Statistics,False
393,Q2214,Algebra,True
393,Q2542,Algebra,False
393,Q2218,Statistics,True
393,Q2140,Statistics,True
393,Q2497,Algebra,True
393,Q2905,Inorganic,False
393,Q3490,Vocabulary,False
393,Q2350,Algebra,True
393,Q3659,Algebra,False
393,Q2775,Inorganic,False
393,Q2987,Electricity & Magnetism,False
393,Q3132,Reading Comprehension,True
393,Q2302,Algebra,True
393,Q2376,Algebra,False
393,Q3403,Vocabulary,True
393,Q2650,Mechanics,False
393,Q2274,Algebra,False
393,Q2074,Statistics,True
393,Q2849,Physical Chemistry,True
393,Q3104,Reading Comprehension,False
393,Q2426,Algebra,False
393,Q2912,Inorganic,True
393,Q3478,Vocabulary,True
393,Q3030,Mechanics,False
393,Q2861,Electricity & Magnetism,False
393,Q3074,Reading Comprehension,False
393,Q2108,Algebra,True
393,Q2629,Electricity & Magnetism,False
393,Q3120,Reading Comprehension,True
394,Q2262,Algebra,True
394,Q2075,Geometry,False
394,Q2759,Organic,False
394,Q3000,Waves & Optics,True
394,Q2740,Inorganic,True
394,Q2761,Mechanics,False
394,Q3431,Vocabulary,False
394,Q3191,Reading Comprehension,True
394,Q2177,Algebra,False
394,Q3078,Reading Comprehension,True
394,Q2178,Algebra,True
394,Q2887,Inorganic,True
394,Q2971,Inorganic,True
394,Q3110,Reading Comprehension,True
394,Q2690,Inorganic,True
394,Q3368,Vocabulary,False
394,Q3355,Vocabulary,True
394,Q3287,Reading Comprehension,True
394,Q2420,Algebra,False
394,Q3723,Physical Chemistry,False
394,Q2215,Trigonometry,True
395,Q3071,Reading Comprehension,True
395,Q3205,Reading Comprehension,True
395,Q3314,Vocabulary,False
395,Q3530,Vocabulary,False
395,Q2427,Algebra,True
395,Q2306,Algebra,False
395,Q3582,Vocabulary,False
395,Q2958,Electricity & Magnetism,True
395,Q2685,Inorganic,True
395,Q2203,Algebra,True
395,Q2128,Algebra,True
395,Q2600,Physical Chemistry,False
395,Q3694,Mechanics,True
395,Q2281,Algebra,False
395,Q3445,Vocabulary,True
395,Q3460,Grammar,False
395,Q2012,Algebra,False
395,Q2286,Statistics,True
395,Q2149,Statistics,False
395,Q2428,Algebra,False
395,Q2161,Algebra,False
395,Q3347,Vocabulary,True
395,Q2051,Algebra,False
395,Q2879,Mechanics,True
395,Q2949,Waves & Optics,True
395,Q2285,Algebra,False
395,Q2313,Algebra,True
396,Q2720,Inorganic,True
396,Q2241,Geometry,False
396,Q3429,Vocabulary,True
396,Q3187,Reading Comprehension,False
396,Q2220,Algebra,True
396,Q3272,Reading Comprehension,False
396,Q2110,Statistics,False
396,Q3146,Reading Comprehension,False
396,Q2043,Algebra,False
396,Q3137,Reading Comprehension,False
396,Q3469,Grammar,True
396,Q2775,Inorganic,False
396,Q2743,Inorganic,True
396,Q3196,Reading Comprehension,False
396,Q3342,Vocabulary,True
396,Q2254,Algebra,True
396,Q3113,Reading Comprehension,False
396,Q2059,Statistics,True
396,Q2861,Electricity & Magnetism,True
396,Q2835,Inorganic,False
396,Q2378,Statistics,True
396,Q2123,Algebra,True
396,Q3080,Reading Comprehension,False
396,Q3210,Reading Comprehension,False
396,Q2476,Algebra,True
396,Q3433,Vocabulary,False
397,Q2686,Mechanics,False
397,Q3261,Reading Comprehension,False
397,Q3557,Grammar,True
397,Q3477,Vocabulary,True
397,Q3570,Vocabulary,True
397,Q3211,Reading Comprehension,True
397,Q2833,Inorganic,False
397,Q2949,Waves & Optics,False
397,Q2504,Algebra,False
397,Q2074,Statistics,False
397,Q3271,Reading Comprehension,False
397,Q2249,Statistics,True
397,Q3445,Vocabulary,True
397,Q2097,Geometry,False
397,Q2427,Algebra,True
397,Q2818,Inorganic,False
397,Q2642,Mechanics,False
397,Q2129,Statistics,True
397,Q2312,Geometry,True
397,Q3360,Vocabulary,True
397,Q3409,Vocabulary,True
397,Q2135,Algebra,True
397,Q2279,Algebra,True
398,Q3229,Reading Comprehension,False
398,Q3397,Vocabulary,True
398,Q2277,Trigonometry,False
398,Q3107,Reading Comprehension,True
398,Q3477,Vocabulary,True
398,Q3308,Vocabulary,True
398,Q2705,Electricity & Magnetism,True
398,Q2190,Algebra,True
398,Q2955,Inorganic,True
398,Q2646,Inorganic,False
398,Q3065,Reading Comprehension,True
398,Q2251,Algebra,True
398,Q2243,Statistics,False
398,Q2799,Waves & Optics,False
398,Q2505,Algebra,True
398,Q2528,Algebra,True
398,Q2367,Geometry,True
398,Q3332,Vocabulary,True
399,Q3018,Mechanics,True
399,Q3423,Vocabulary,False
399,Q3490,Vocabulary,True
399,Q2308,Geometry,True
399,Q2476,Algebra,False
399,Q2389,Algebra,False
399,Q2899,Inorganic,False
399,Q2045,Algebra,True
399,Q2417,Algebra,False
399,Q3678,Grammar,True
399,Q3366,Vocabulary,False
399,Q2502,Algebra,False
399,Q2240,Algebra,False
399,Q3050,Mechanics,True
399,Q2329,Geometry,True
399,Q3079,Reading Comprehension,False
399,Q3183,Reading Comprehension,True
399,Q2819,Inorganic,True
399,Q2574,Algebra,False
399,Q2029,Algebra,True
399,Q3408,Vocabulary,False
399,Q3334,Vocabulary,False
399,Q2125,Geometry,True
399,Q2613,Electricity & Magnetism,False
399,Q3100,Reading Comprehension,False
399,Q2791,Inorganic,False
399,Q3646,Grammar,True
400,Q2927,Inorganic,False
400,Q2639,Mechanics,False
400,Q3488,Vocabulary,False
400,Q2062,Algebra,True
400,Q2380,Statistics,True
400,Q3527,Vocabulary,True
400,Q2461,Statistics,True
400,Q3416,Vocabulary,False
400,Q2883,Waves & Optics,True
400,Q2658,Inorganic,True
400,Q2856,Organic,False
400,Q2502,Algebra,True
400,Q3049,Mechanics,False
400,Q3508,Vocabulary,True
400,Q2984,Mechanics,True
400,Q3526,Vocabulary,True
400,Q2107,Trigonometry,False
400,Q3364,Vocabulary,True
400,Q2531,Geometry,True
401,Q2544,Algebra,True
401,Q2379,Algebra,False
401,Q2054,Algebra,True
401,Q2760,Inorganic,True
401,Q3542,Vocabulary,True
401,Q3077,Reading Comprehension,False
401,Q2629,Electricity & Magnetism,True
401,Q2751,Electricity & Magnetism,False
401,Q3491,Vocabulary,True
401,Q2996,Mechanics,True
401,Q2747,Inorganic,False
401,Q2381,Statistics,False
401,Q2857,Mechanics,False
401,Q2954,Mechanics,True
401,Q2980,Inorganic,True
401,Q3100,Reading Comprehension,False
402,Q2059,Statistics,False
402,Q3428,Vocabulary,False
402,Q2802,Mechanics,True
402,Q3683,Reading Comprehension,True
402,Q2585,Algebra,True
402,Q3697,Mechanics,False
402,Q2343,Algebra,True
402,Q2423,Algebra,True
402,Q3007,Mechanics,False
402,Q3387,Vocabulary,False
402,Q3509,Vocabulary,True
402,Q2592,Statistics,False
402,Q2481,Algebra,True
402,Q2009,Geometry,False
402,Q3526,Vocabulary,False
402,Q2891,Waves & Optics,False
402,Q2383,Algebra,True
402,Q2294,Algebra,True
402,Q2204,Algebra,False
402,Q3168,Reading Comprehension,False
402,Q3031,Inorganic,False
402,Q3621,Vocabulary,False
402,Q2879,Mechanics,True
403,Q3693,Writing,True
403,Q2346,Algebra,True
403,Q2675,Inorganic,True
403,Q2416,Algebra,True
403,Q3504,Vocabulary,True
403,Q3277,Reading Comprehension,True
403,Q3089,Reading Comprehension,True
403,Q2650,Mechanics,False
403,Q2516,Algebra,True
403,Q3628,Grammar,False
403,Q2309,Algebra,True
403,Q2583,Algebra,True
403,Q2967,Inorganic,True
403,Q2916,Mechanics,False
403,Q2267,Algebra,True
403,Q2865,Mechanics,False
403,Q2125,Geometry,True
403,Q2039,Algebra,True
403,Q3025,Inorganic,True
403,Q3291,Reading Comprehension,False
403,Q2169,Algebra,True
403,Q2478,Algebra,True
403,Q2087,Statistics,False
403,Q3215,Reading Comprehension,False
403,Q2242,Algebra,True
403,Q3041,Electricity & Magnetism,True
404,Q3616,Vocabulary,False
404,Q2710,Inorganic,True
404,Q3655,Algebra,True
404,Q3044,Waves & Optics,True
404,Q3674,Statistics,False
404,Q2406,Algebra,False
404,Q3562,Vocabulary,False
404,Q2859,Electricity & Magnetism,False
404,Q2658,Inorganic,True
404,Q2611,Physical Chemistry,True
404,Q2476,Algebra,False
404,Q3717,Inorganic,False
404,Q3579,Vocabulary,False
404,Q2082,Algebra,False
404,Q2092,Statistics,True
404,Q3400,Grammar,False
404,Q3224,Reading Comprehension,True
405,Q3652,Vocabulary,False
405,Q3102,Reading Comprehension,False
405,Q3281,Reading Comprehension,False
405,Q2183,Statistics,False
405,Q2075,Geometry,True
405,Q3608,Vocabulary,False
405,Q3628,Grammar,False
405,Q2926,Electricity & Magnetism,True
405,Q2298,Statistics,False
405,Q2544,Algebra,False
405,Q3707,Modern Physics,True
405,Q3148,Reading Comprehension,False
405,Q3449,Vocabulary,False
405,Q3432,Vocabulary,False
405,Q2069,Algebra,False
406,Q2531,Geometry,False
406,Q2883,Waves & Optics,True
406,Q3011,Mechanics,True
406,Q3044,Waves & Optics,True
406,Q2762,Waves & Optics,True
406,Q3203,Reading Comprehension,False
406,Q3023,Inorganic,True
406,Q3086,Reading Comprehension,False
406,Q3529,Vocabulary,False
406,Q3511,Vocabulary,False
406,Q2726,Mechanics,True
406,Q2950,Inorganic,True
406,Q3017,Waves & Optics,False
406,Q2951,Electricity & Magnetism,True
406,Q2480,Algebra,False
406,Q2745,Inorganic,True
406,Q3401,Vocabulary,True
406,Q3018,Mechanics,True
406,Q2267,Algebra,False
406,Q2416,Algebra,False
406,Q3524,Vocabulary,False
406,Q3311,Vocabulary,True
406,Q3392,Vocabulary,False
406,Q2583,Algebra,True
406,Q2180,Algebra,False
406,Q3062,Reading Comprehension,False
407,Q3601,Vocabulary,False
407,Q2443,Algebra,False
407,Q3658,Algebra,False
407,Q2414,Geometry,True
407,Q3282,Reading Comprehension,True
407,Q2858,Mechanics,True
407,Q2634,Waves & Optics,True
407,Q2061,Algebra,False
407,Q3329,Vocabulary,True
407,Q2362,Algebra,False
407,Q2651,Mechanics,False
407,Q2179,Algebra,False
407,Q3648,Vocabulary,True
407,Q3385,Vocabulary,False
407,Q3101,Reading Comprehension,True
407,Q2460,Algebra,False
407,Q3193,Reading Comprehension,True
407,Q2210,Algebra,False
407,Q2796,Mechanics,False
407,Q2085,Statistics,True
407,Q3483,Vocabulary,True
407,Q3373,Vocabulary,True
408,Q3596,Vocabulary,True
408,Q3111,Reading Comprehension,True
408,Q3134,Reading Comprehension,False
408,Q3459,Vocabulary,False
408,Q2410,Statistics,False
408,Q3414,Vocabulary,True
408,Q2824,Waves & Optics,False
408,Q2770,Inorganic,True
408,Q3309,Vocabulary,True
408,Q2124,Algebra,True
408,Q2488,Algebra,False
408,Q2048,Algebra,True
408,Q3273,Reading Comprehension,True
408,Q2382,Algebra,True
408,Q2963,Mechanics,False
408,Q3518,Vocabulary,True
408,Q2322,Statistics,True
408,Q2828,Inorganic,True
408,Q2934,Inorganic,True
408,Q3586,Vocabulary,True
408,Q3263,Reading Comprehension,True
408,Q2758,Inorganic,True
408,Q2867,Inorganic,True
409,Q3598,Vocabulary,False
409,Q3080,Reading Comprehension,True
409,Q2153,Algebra,True
409,Q3277,Reading Comprehension,True
409,Q2369,Algebra,False
409,Q2889,Inorganic,True
409,Q2199,Statistics,False
409,Q3525,Grammar,False
409,Q3144,Reading Comprehension,True
409,Q2701,Inorganic,False
409,Q2267,Algebra,True
409,Q3561,Vocabulary,False
409,Q3306,Vocabulary,False
409,Q3047,Inorganic,True
409,Q2474,Algebra,True
409,Q2209,Algebra,True
409,Q2235,Algebra,True
409,Q2095,Algebra,True
409,Q2305,Statistics,True
409,Q3460,Grammar,False
409,Q3535,Vocabulary,False
409,Q3264,Reading Comprehension,False
409,Q2017,Statistics,True
409,Q3012,Mechanics,False
410,Q3120,Reading Comprehension,True
410,Q3111,Reading Comprehension,True
410,Q2314,Statistics,False
410,Q2763,Inorganic,False
410,Q3344,Vocabulary,False
410,Q2771,Inorganic,False
410,Q2659,Inorganic,True
410,Q2636,Waves & Optics,True
410,Q3060,Reading Comprehension,False
410,Q3628,Grammar,True
410,Q3306,Vocabulary,False
410,Q2912,Inorganic,False
410,Q2200,Algebra,True
410,Q3362,Grammar,False
410,Q3257,Reading Comprehension,True
410,Q2203,Algebra,True
410,Q2761,Mechanics,True
410,Q3555,Vocabulary,False
410,Q2685,Inorganic,True
410,Q2898,Waves & Optics,True
410,Q2463,Algebra,True
410,Q2714,Inorganic,True
411,Q2939,Inorganic,True
411,Q2220,Algebra,True
411,Q3087,Reading Comprehension,True
411,Q2348,Algebra,False
411,Q2632,Electricity & Magnetism,True
411,Q2227,Algebra,True
411,Q2860,Waves & Optics,False
411,Q3689,Vocabulary,False
411,Q2801,Mechanics,False
411,Q3617,Vocabulary,False
411,Q3428,Vocabulary,False
411,Q2338,Algebra,True
411,Q2852,Physical Chemistry,True
411,Q2928,Mechanics,True
411,Q3483,Vocabulary,True
411,Q2372,Algebra,True
411,Q2470,Algebra,True
411,Q2356,Algebra,True
411,Q3263,Reading Comprehension,True
411,Q3687,Vocabulary,False
411,Q3524,Vocabulary,False
411,Q2447,Statistics,False
412,Q2821,Inorganic,False
412,Q2927,Inorganic,False
412,Q2630,Inorganic,False
412,Q2405,Algebra,False
412,Q2571,Algebra,True
412,Q3683,Reading Comprehension,False
412,Q2784,Inorganic,True
412,Q2441,Algebra,True
412,Q3624,Vocabulary,False
412,Q3162,Reading Comprehension,False
412,Q2740,Inorganic,False
412,Q3568,Vocabulary,False
412,Q2508,Algebra,True
412,Q2139,Algebra,False
412,Q2766,Waves & Optics,True
412,Q2438,Algebra,True
412,Q2163,Algebra,True
412,Q3585,Vocabulary,False
412,Q3142,Reading Comprehension,False
412,Q3519,Vocabulary,False
412,Q3073,Reading Comprehension,False
412,Q2088,Algebra,True
412,Q3160,Reading Comprehension,False
412,Q3469,Grammar,False
413,Q2442,Algebra,False
413,Q3538,Vocabulary,False
413,Q2494,Statistics,False
413,Q2894,Mechanics,False
413,Q2076,Algebra,False
413,Q2761,Mechanics,False
413,Q2023,Algebra,True
413,Q2550,Algebra,False
413,Q2158,Algebra,False
413,Q3123,Reading Comprehension,False
413,Q3073,Reading Comprehension,False
413,Q2880,Mechanics,True
413,Q2806,Mechanics,True
413,Q2420,Algebra,True
413,Q3667,Trigonometry,False
413,Q2994,Mechanics,True
413,Q2251,Algebra,False
413,Q2891,Waves & Optics,True
413,Q2318,Geometry,False
413,Q3305,Vocabulary,False
413,Q3546,Grammar,False
413,Q2468,Algebra,True
413,Q2235,Algebra,False
414,Q2054,Algebra,True
414,Q2217,Algebra,False
414,Q2417,Algebra,True
414,Q3322,Vocabulary,True
414,Q2999,Inorganic,False
414,Q3562,Vocabulary,True
414,Q2428,Algebra,False
414,Q2471,Algebra,False
414,Q3345,Vocabulary,True
414,Q2438,Algebra,True
414,Q2412,Algebra,False
414,Q3348,Grammar,False
414,Q2410,Statistics,False
414,Q3649,Vocabulary,True
414,Q2362,Algebra,True
414,Q2183,Statistics,True
414,Q2616,Inorganic,False
414,Q2332,Algebra,False
414,Q3700,Electricity & Magnetism,True
414,Q3249,Reading Comprehension,True
414,Q3708,Modern Physics,False
414,Q2979,Mechanics,True
414,Q3266,Reading Comprehension,True
414,Q2530,Algebra,True
414,Q3534,Vocabulary,True
414,Q2230,Algebra,True
414,Q2445,Algebra,True
415,Q2883,Waves & Optics,True
415,Q3147,Reading Comprehension,False
415,Q3706,Waves & Optics,False
415,Q2190,Algebra,False
415,Q3095,Reading Comprehension,False
415,Q2334,Statistics,True
415,Q2425,Algebra,False
415,Q3616,Vocabulary,True
415,Q2006,Algebra,False
415,Q2624,Modern Physics,True
415,Q2339,Algebra,False
415,Q2607,Mechanics,False
415,Q2577,Algebra,False
415,Q3227,Reading Comprehension,False
415,Q2575,Algebra,True
415,Q3385,Vocabulary,True
415,Q3107,Reading Comprehension,False
415,Q3088,Reading Comprehension,True
415,Q3501,Vocabulary,True
415,Q2507,Algebra,False
415,Q3318,Vocabulary,True
415,Q3116,Reading Comprehension,False
415,Q3184,Reading Comprehension,False
415,Q2721,Inorganic,True
415,Q3215,Reading Comprehension,False
415,Q2253,Algebra,False
416,Q2758,Inorganic,False
416,Q3050,Mechanics,True
416,Q2533,Algebra,True
416,Q2866,Inorganic,False
416,Q2536,Algebra,True
416,Q2864,Mechanics,False
416,Q3252,Reading Comprehension,True
416,Q2362,Algebra,True
416,Q3665,Trigonometry,True
416,Q2175,Algebra,True
416,Q2367,Geometry,True
416,Q3482,Vocabulary,True
416,Q2372,Algebra,True
416,Q2161,Algebra,True
416,Q3542,Vocabulary,False
416,Q2183,Statistics,True
416,Q3203,Reading Comprehension,True
416,Q2274,Algebra,True
416,Q2243,Statistics,True
416,Q2221,Algebra,True
416,Q2043,Algebra,True
417,Q2789,Inorganic,False
417,Q3269,Reading Comprehension,False
417,Q2236,Algebra,True
417,Q3402,Vocabulary,False
417,Q2226,Algebra,True
417,Q2550,Algebra,False
417,Q3658,Algebra,True
417,Q2459,Algebra,True
417,Q2415,Algebra,False
417,Q2159,Statistics,False
417,Q2804,Mechanics,True
417,Q2883,Waves & Optics,False
417,Q3239,Reading Comprehension,True
417,Q2596,Mechanics,False
417,Q3523,Vocabulary,False
417,Q3648,Vocabulary,False
417,Q2371,Statistics,False
417,Q3597,Vocabulary,False
417,Q2712,Inorganic,False
417,Q3080,Reading Comprehension,False
418,Q3259,Reading Comprehension,False
418,Q2373,Statistics,False
418,Q3604,Vocabulary,False
418,Q2605,Electricity & Magnetism,False
418,Q2926,Electricity & Magnetism,False
418,Q2006,Algebra,True
418,Q2876,Electricity & Magnetism,False
418,Q3643,Vocabulary,True
418,Q3097,Reading Comprehension,True
418,Q3406,Vocabulary,False
418,Q2067,Algebra,True
418,Q3619,Vocabulary,True
418,Q2103,Geometry,False
418,Q2788,Inorganic,True
418,Q3438,Vocabulary,False
418,Q2199,Statistics,False
418,Q2210,Algebra,True
419,Q3397,Vocabulary,True
419,Q2667,Waves & Optics,False
419,Q2463,Algebra,False
419,Q2826,Inorganic,True
419,Q2011,Geometry,False
419,Q2047,Algebra,True
419,Q2985,Inorganic,False
419,Q3002,Mechanics,False
419,Q3267,Reading Comprehension,False
419,Q3376,Vocabulary,False
419,Q3026,Mechanics,True
419,Q3260,Reading Comprehension,True
419,Q2564,Algebra,False
419,Q2558,Algebra,True
419,Q2530,Algebra,False
419,Q3137,Reading Comprehension,False
419,Q3270,Reading Comprehension,False
419,Q3610,Vocabulary,False
419,Q2781,Inorganic,True
419,Q2168,Statistics,True
419,Q2949,Waves & Optics,False
419,Q3645,Vocabulary,True
419,Q2993,Waves & Optics,False
420,Q3601,Vocabulary,False
420,Q3691,Writing,False
420,Q3362,Grammar,False
420,Q2347,Statistics,True
420,Q3637,Vocabulary,False
420,Q3491,Vocabulary,True
420,Q2233,Statistics,True
420,Q3214,Reading Comprehension,False
420,Q3603,Vocabulary,True
420,Q2257,Statistics,True
420,Q2859,Electricity & Magnetism,False
420,Q2291,Algebra,False
420,Q3154,Reading Comprehension,False
420,Q3697,Mechanics,True
420,Q2142,Algebra,False
420,Q2950,Inorganic,True
420,Q2439,Algebra,False
420,Q3135,Reading Comprehension,False
420,Q2144,Algebra,False
421,Q3464,Vocabulary,True
421,Q2458,Algebra,True
421,Q3513,Vocabulary,True
421,Q2813,Inorganic,False
421,Q3402,Vocabulary,True
421,Q3069,Reading Comprehension,True
421,Q2449,Algebra,True
421,Q2008,Algebra,True
421,Q2796,Mechanics,True
421,Q2909,Electricity & Magnetism,True
421,Q2739,Inorganic,False
421,Q3687,Vocabulary,True
421,Q2816,Inorganic,False
421,Q3274,Reading Comprehension,True
421,Q3441,Vocabulary,True
422,Q2464,Geometry,True
422,Q2377,Algebra,False
422,Q3094,Reading Comprehension,False
422,Q2847,Physical Chemistry,True
422,Q2139,Algebra,True
422,Q3344,Vocabulary,False
422,Q3565,Vocabulary,True
422,Q3136,Reading Comprehension,False
422,Q2044,Algebra,False
422,Q3201,Reading Comprehension,False
422,Q2273,Algebra,False
422,Q2669,Inorganic,True
422,Q2058,Algebra,False
422,Q2476,Algebra,False
422,Q2255,Statistics,True
423,Q2882,Mechanics,True
423,Q2269,Algebra,True
423,Q2647,Waves & Optics,False
423,Q2102,Statistics,False
423,Q3118,Reading Comprehension,False
423,Q2811,Inorganic,True
423,Q3485,Vocabulary,False
423,Q2750,Modern Physics,False
423,Q3723,Physical Chemistry,True
423,Q2509,Algebra,True
423,Q3339,Vocabulary,False
423,Q3257,Reading Comprehension,True
423,Q2429,Algebra,False
423,Q2551,Statistics,True
423,Q2365,Algebra,True
423,Q3379,Vocabulary,False
423,Q2485,Algebra,True
423,Q2080,Statistics,False
423,Q3637,Vocabulary,False
423,Q2847,Physical Chemistry,True
423,Q3648,Vocabulary,False
423,Q3686,Vocabulary,False
423,Q2261,Trigonometry,False
423,Q3643,Vocabulary,False
423,Q3521,Vocabulary,False
423,Q3435,Vocabulary,False
423,Q2253,Algebra,True
423,Q3207,Reading Comprehension,False
423,Q2596,Mechanics,True
424,Q2219,Algebra,False
424,Q2300,Algebra,False
424,Q2173,Algebra,False
424,Q2009,Geometry,False
424,Q2415,Algebra,False
424,Q2396,Statistics,True
424,Q3047,Inorganic,False
424,Q2731,Mechanics,False
424,Q2811,Inorganic,False
424,Q2826,Inorganic,True
424,Q3379,Vocabulary,True
424,Q2414,Geometry,True
424,Q2250,Algebra,True
424,Q2522,Trigonometry,True
424,Q3017,Waves & Optics,False
424,Q2401,Algebra,False
424,Q2499,Algebra,False
424,Q3464,Vocabulary,True
424,Q2029,Algebra,False
424,Q3372,Vocabulary,False
424,Q2859,Electricity & Magnetism,True
424,Q2767,Mechanics,False
425,Q2986,Mechanics,True
425,Q3089,Reading Comprehension,True
425,Q3716,Inorganic,False
425,Q3336,Vocabulary,False
425,Q2103,Geometry,True
425,Q2018,Statistics,True
425,Q2826,Inorganic,False
425,Q2486,Algebra,True
425,Q2133,Algebra,True
425,Q2872,Mechanics,True
425,Q2238,Algebra,True
425,Q2791,Inorganic,False
425,Q2492,Algebra,True
425,Q2313,Algebra,True
425,Q2419,Algebra,True
425,Q2324,Algebra,False
425,Q2692,Mechanics,True
425,Q3233,Reading Comprehension,False
426,Q2778,Inorganic,False
426,Q3150,Reading Comprehension,False
426,Q3620,Vocabulary,False
426,Q2196,Algebra,False
426,Q3271,Reading Comprehension,False
426,Q3648,Vocabulary,False
426,Q2953,Waves & Optics,True
426,Q3299,Reading Comprehension,True
426,Q2026,Geometry,False
426,Q2369,Algebra,False
426,Q3511,Vocabulary,False
426,Q3653,Vocabulary,False
426,Q2827,Inorganic,True
426,Q2129,Statistics,True
426,Q2739,Inorganic,False
426,Q2716,Modern Physics,True
426,Q3163,Reading Comprehension,False
426,Q3061,Reading Comprehension,False
426,Q3463,Grammar,True
426,Q2551,Statistics,True
426,Q2607,Mechanics,False
426,Q2315,Geometry,True
426,Q3154,Reading Comprehension,False
426,Q2764,Mechanics,False
426,Q3499,Vocabulary,False
426,Q3007,Mechanics,False
426,Q3605,Vocabulary,True
426,Q3340,Vocabulary,False
426,Q2434,Algebra,False
427,Q3196,Reading Comprehension,False
427,Q2455,Algebra,False
427,Q3374,Vocabulary,False
427,Q2574,Algebra,False
427,Q2268,Algebra,False
427,Q2686,Mechanics,False
427,Q3564,Vocabulary,False
427,Q2032,Statistics,False
427,Q2779,Physical Chemistry,True
427,Q2533,Algebra,False
427,Q2258,Statistics,False
427,Q2789,Inorganic,False
427,Q2308,Geometry,True
427,Q2054,Algebra,True
427,Q2593,Statistics,False
427,Q2490,Algebra,False
427,Q3260,Reading Comprehension,False
427,Q2801,Mechanics,True
427,Q3279,Reading Comprehension,False
427,Q2579,Statistics,False
427,Q2709,Inorganic,False
427,Q3572,Vocabulary,True
427,Q2834,Mechanics,False
428,Q2442,Algebra,False
428,Q3306,Vocabulary,True
428,Q2737,Inorganic,True
428,Q2020,Statistics,True
428,Q3339,Vocabulary,True
428,Q2335,Algebra,False
428,Q2516,Algebra,True
428,Q2716,Modern Physics,False
428,Q2531,Geometry,True
428,Q2178,Algebra,True
428,Q2868,Inorganic,True
428,Q2138,Statistics,False
428,Q3361,Vocabulary,False
428,Q2735,Mechanics,True
428,Q2298,Statistics,True
428,Q2635,Electricity & Magnetism,False
428,Q3242,Reading Comprehension,True
428,Q2012,Algebra,True
428,Q3428,Vocabulary,True
429,Q3565,Vocabulary,True
429,Q2944,Mechanics,False
429,Q2148,Algebra,True
429,Q3302,Reading Comprehension,True
429,Q3188,Reading Comprehension,True
429,Q2115,Algebra,True
429,Q2844,Physical Chemistry,True
429,Q3695,Mechanics,True
429,Q3356,Vocabulary,True
429,Q2324,Algebra,False
429,Q3176,Reading Comprehension,False
429,Q2168,Statistics,True
429,Q3321,Vocabulary,False
429,Q2993,Waves & Optics,False
429,Q3305,Vocabulary,True
429,Q3355,Vocabulary,True
429,Q2228,Statistics,True
429,Q2839,Physical Chemistry,True
429,Q3465,Vocabulary,False
429,Q3228,Reading Comprehension,True
429,Q3652,Vocabulary,True
429,Q2824,Waves & Optics,False
429,Q3532,Vocabulary,False
429,Q2291,Algebra,True
429,Q3199,Reading Comprehension,True
429,Q2541,Geometry,True
429,Q2875,Waves & Optics,True
429,Q3187,Reading Comprehension,True
429,Q2419,Algebra,True
430,Q2895,Inorganic,True
430,Q2301,Algebra,True
430,Q3645,Vocabulary,False
430,Q2147,Trigonometry,True
430,Q3420,Vocabulary,True
430,Q2693,Mechanics,False
430,Q3503,Vocabulary,False
430,Q3694,Mechanics,True
430,Q2353,Algebra,True
430,Q2710,Inorganic,True
430,Q3009,Mechanics,False
430,Q3614,Vocabulary,True
430,Q2958,Electricity & Magnetism,True
430,Q2662,Inorganic,True
430,Q3545,Vocabulary,False
430,Q3367,Vocabulary,False
430,Q2467,Statistics,False
430,Q3561,Vocabulary,False
430,Q3331,Vocabulary,False
431,Q3466,Vocabulary,False
431,Q3712,Organic,True
431,Q2537,Geometry,False
431,Q2124,Algebra,True
431,Q2339,Algebra,False
431,Q2971,Inorganic,False
431,Q3098,Reading Comprehension,False
431,Q3443,Vocabulary,False
431,Q2711,Inorganic,False
431,Q2150,Algebra,True
431,Q3163,Reading Comprehension,False
431,Q2230,Algebra,True
431,Q3439,Vocabulary,True
431,Q3605,Vocabulary,True
431,Q2404,Algebra,True
431,Q3274,Reading Comprehension,True
431,Q2087,Statistics,True
432,Q2434,Algebra,True
432,Q3235,Reading Comprehension,False
432,Q2288,Algebra,True
432,Q2937,Inorganic,False
432,Q2544,Algebra,True
432,Q3308,Vocabulary,False
432,Q3096,Reading Comprehension,False
432,Q3543,Vocabulary,True
432,Q2734,Inorganic,False
432,Q3479,Grammar,True
432,Q3135,Reading Comprehension,True
432,Q2687,Mechanics,True
432,Q3466,Vocabulary,False
432,Q2001,Algebra,True
432,Q3692,Writing,True
432,Q2844,Physical Chemistry,True
432,Q2742,Mechanics,True
432,Q3494,Vocabulary,False
433,Q2757,Inorganic,False
433,Q2847,Physical Chemistry,True
433,Q3455,Vocabulary,True
433,Q2817,Inorganic,True
433,Q3714,Organic,False
433,Q3388,Vocabulary,True
433,Q2259,Algebra,False
433,Q3261,Reading Comprehension,True
433,Q3399,Vocabulary,False
433,Q3260,Reading Comprehension,True
433,Q3508,Vocabulary,True
433,Q2648,Modern Physics,False
433,Q3439,Vocabulary,True
433,Q2423,Algebra,False
433,Q3274,Reading Comprehension,True
433,Q3695,Mechanics,False
433,Q3698,Mechanics,True
433,Q3066,Reading Comprehension,False
434,Q3581,Vocabulary,False
434,Q3449,Vocabulary,False
434,Q3400,Grammar,False
434,Q2543,Algebra,False
434,Q2383,Algebra,True
434,Q3465,Vocabulary,False
434,Q2022,Geometry,False
434,Q2370,Algebra,True
434,Q3589,Grammar,False
434,Q2000,Statistics,False
434,Q3064,Reading Comprehension,False
434,Q3511,Vocabulary,False
434,Q2106,Algebra,True
434,Q2414,Geometry,True
434,Q2793,Inorganic,True
434,Q2578,Geometry,True
434,Q3430,Vocabulary,False
434,Q3243,Reading Comprehension,False
434,Q2640,Waves & Optics,False
434,Q2709,Inorganic,True
434,Q2807,Mechanics,False
434,Q2924,Waves & Optics,False
434,Q3145,Reading Comprehension,False
434,Q2226,Algebra,True
434,Q2350,Algebra,False
434,Q2915,Mechanics,False
434,Q2301,Algebra,False
435,Q2567,Statistics,True
435,Q3369,Vocabulary,False
435,Q3539,Vocabulary,False
435,Q2014,Statistics,False
435,Q2362,Algebra,False
435,Q3590,Vocabulary,False
435,Q3062,Reading Comprehension,False
435,Q2828,Inorganic,True
435,Q2382,Algebra,False
435,Q2419,Algebra,True
435,Q3449,Vocabulary,True
435,Q2234,Algebra,True
435,Q2498,Algebra,True
435,Q3388,Vocabulary,False
435,Q3227,Reading Comprehension,False
435,Q3704,Waves & Optics,True
435,Q2228,Statistics,True
435,Q2465,Geometry,False
435,Q2516,Algebra,False
435,Q3099,Reading Comprehension,False
436,Q2494,Statistics,True
436,Q3656,Algebra,False
436,Q3555,Vocabulary,True
436,Q2374,Statistics,True
436,Q3379,Vocabulary,True
436,Q3135,Reading Comprehension,False
436,Q3023,Inorganic,True
436,Q2898,Waves & Optics,False
436,Q2939,Inorganic,True
436,Q3609,Vocabulary,True
436,Q2276,Algebra,False
436,Q3571,Vocabulary,True
436,Q2944,Mechanics,True
436,Q2590,Algebra,False
436,Q2384,Algebra,True
436,Q2536,Algebra,False
436,Q3601,Vocabulary,True
436,Q2269,Algebra,True
436,Q2853,Mechanics,False
436,Q3227,Reading Comprehension,True
436,Q3611,Vocabulary,True
436,Q2642,Mechanics,False
436,Q2529,Algebra,False
436,Q3709,Modern Physics,True
437,Q2659,Inorganic,True
437,Q2369,Algebra,False
437,Q2488,Algebra,False
437,Q3200,Reading Comprehension,False
437,Q3470,Vocabulary,True
437,Q3351,Vocabulary,True
437,Q2108,Algebra,False
437,Q3220,Reading Comprehension,False
437,Q3178,Reading Comprehension,False
437,Q2077,Algebra,False
437,Q2649,Inorganic,True
437,Q2627,Electricity & Magnetism,False
437,Q3564,Vocabulary,True
437,Q2042,Statistics,False
437,Q3429,Vocabulary,True
437,Q2611,Physical Chemistry,True
437,Q2291,Algebra,False
437,Q3117,Reading Comprehension,True
437,Q2759,Organic,True
437,Q3473,Vocabulary,True
437,Q2593,Statistics,False
437,Q2935,Mechanics,False
437,Q3150,Reading Comprehension,False
437,Q3106,Reading Comprehension,False
438,Q3024,Inorganic,False
438,Q3198,Reading Comprehension,True
438,Q2505,Algebra,False
438,Q3464,Vocabulary,False
438,Q2466,Statistics,True
438,Q2024,Statistics,True
438,Q3242,Reading Comprehension,True
438,Q2294,Algebra,False
438,Q2851,Physical Chemistry,True
438,Q2341,Algebra,False
438,Q2470,Algebra,False
438,Q2193,Geometry,True
438,Q3617,Vocabulary,False
438,Q3263,Reading Comprehension,False
438,Q3411,Vocabulary,False
438,Q3265,Reading Comprehension,False
438,Q3264,Reading Comprehension,True
438,Q3138,Reading Comprehension,True
438,Q3338,Grammar,True
438,Q3300,Reading Comprehension,True
438,Q2415,Algebra,True
438,Q2214,Algebra,True
438,Q3455,Vocabulary,False
438,Q3664,Geometry,True
438,Q3599,Vocabulary,False
438,Q2790,Inorganic,False
438,Q2283,Algebra,True
438,Q3575,Vocabulary,False
438,Q2100,Statistics,False
439,Q3513,Vocabulary,True
439,Q2980,Inorganic,True
439,Q2917,Inorganic,True
439,Q2303,Algebra,False
439,Q3021,Waves & Optics,True
439,Q2537,Geometry,True
439,Q2696,Inorganic,True
439,Q2208,Algebra,True
439,Q3214,Reading Comprehension,False
439,Q3023,Inorganic,False
439,Q3530,Vocabulary,False
439,Q2406,Algebra,False
439,Q2103,Geometry,False
439,Q3196,Reading Comprehension,False
439,Q2454,Algebra,True
439,Q2777,Inorganic,True
439,Q2065,Algebra,True
439,Q3251,Reading Comprehension,False
439,Q2767,Mechanics,False
439,Q3461,Vocabulary,True
439,Q2148,Algebra,True
439,Q3050,Mechanics,False
439,Q2754,Inorganic,True
439,Q3004,Inorganic,True
439,Q3220,Reading Comprehension,False
439,Q3393,Vocabulary,True
439,Q3277,Reading Comprehension,True
440,Q2260,Algebra,False
440,Q2677,Waves & Optics,True
440,Q3178,Reading Comprehension,True
440,Q2813,Inorganic,False
440,Q3323,Grammar,False
440,Q2863,Waves & Optics,True
440,Q3112,Reading Comprehension,False
440,Q2809,Mechanics,True
440,Q3243,Reading Comprehension,False
440,Q2679,Mechanics,True
440,Q3250,Reading Comprehension,False
440,Q2422,Algebra,False
440,Q3186,Reading Comprehension,True
440,Q2319,Algebra,False
440,Q3039,Inorganic,False
440,Q2532,Algebra,False
440,Q3509,Vocabulary,False
440,Q2081,Algebra,False
440,Q3667,Trigonometry,False
440,Q2716,Modern Physics,False
440,Q3161,Reading Comprehension,True
441,Q3596,Vocabulary,False
441,Q2722,Waves & Optics,False
441,Q2997,Inorganic,True
441,Q2975,Mechanics,False
441,Q2093,Statistics,False
441,Q3683,Reading Comprehension,True
441,Q2195,Algebra,True
441,Q2317,Geometry,True
441,Q3477,Vocabulary,False
441,Q2495,Algebra,True
441,Q2507,Algebra,False
441,Q3190,Reading Comprehension,False
441,Q2663,Inorganic,False
441,Q3651,Vocabulary,True
441,Q2337,Geometry,False
441,Q2048,Algebra,True
441,Q3286,Reading Comprehension,False
441,Q3487,Vocabulary,False
441,Q3451,Vocabulary,True
441,Q3073,Reading Comprehension,False
441,Q2458,Algebra,True
441,Q2326,Algebra,True
441,Q2149,Statistics,False
441,Q3406,Vocabulary,False
441,Q2108,Algebra,True
441,Q3398,Vocabulary,False
441,Q2460,Algebra,True
441,Q2361,Statistics,False
441,Q2697,Mechanics,False
442,Q2122,Algebra,False
442,Q3680,Grammar,False
442,Q3087,Reading Comprehension,False
442,Q2232,Algebra,True
442,Q3446,Vocabulary,False
442,Q2383,Algebra,True
442,Q2948,Inorganic,True
442,Q2920,Inorganic,True
442,Q2930,Inorganic,True
442,Q2168,Statistics,False
442,Q2211,Statistics,False
442,Q2336,Algebra,True
442,Q2725,Inorganic,True
442,Q2811,Inorganic,True
442,Q2177,Algebra,True
442,Q2189,Algebra,False
442,Q3495,Vocabulary,True
442,Q3459,Vocabulary,False
442,Q2993,Waves & Optics,True
442,Q3324,Vocabulary,False
442,Q3628,Grammar,True
442,Q2669,Inorganic,True
443,Q3215,Reading Comprehension,False
443,Q2204,Algebra,True
443,Q3522,Vocabulary,True
443,Q3005,Waves & Optics,True
443,Q3678,Grammar,True
443,Q3256,Reading Comprehension,False
443,Q3621,Vocabulary,True
443,Q3533,Vocabulary,True
443,Q3478,Vocabulary,True
443,Q2417,Algebra,True
443,Q2437,Geometry,False
443,Q3201,Reading Comprehension,False
443,Q2705,Electricity & Magnetism,True
443,Q3594,Vocabulary,True
443,Q2176,Statistics,True
443,Q2821,Inorganic,True
443,Q2065,Algebra,True
444,Q3170,Reading Comprehension,False
444,Q3558,Vocabulary,True
444,Q2130,Geometry,True
444,Q2148,Algebra,False
444,Q2473,Statistics,True
444,Q2129,Statistics,True
444,Q2345,Algebra,True
444,Q2475,Algebra,False
444,Q3000,Waves & Optics,False
444,Q3531,Grammar,True
444,Q2745,Inorganic,True
444,Q2254,Algebra,False
444,Q2644,Mechanics,True
444,Q3659,Algebra,True
444,Q2742,Mechanics,False
444,Q2242,Algebra,False
444,Q2257,Statistics,True
444,Q2479,Statistics,True
444,Q2588,Algebra,True
444,Q2387,Statistics,True
444,Q2636,Waves & Optics,False
444,Q2247,Algebra,True
444,Q2966,Inorganic,False
444,Q3210,Reading Comprehension,False
444,Q3428,Vocabulary,True
444,Q2337,Geometry,True
445,Q3281,Reading Comprehension,False
445,Q2589,Geometry,False
445,Q2567,Statistics,False
445,Q3482,Vocabulary,True
445,Q2932,Mechanics,False
445,Q3249,Reading Comprehension,False
445,Q2195,Algebra,False
445,Q3127,Reading Comprehension,True
445,Q2162,Algebra,False
445,Q3125,Reading Comprehension,False
445,Q2875,Waves & Optics,False
445,Q2564,Algebra,False
445,Q3558,Vocabulary,True
445,Q3009,Mechanics,True
445,Q2832,Inorganic,False
445,Q2535,Algebra,False
445,Q3604,Vocabulary,True
445,Q3236,Reading Comprehension,False
445,Q2569,Algebra,True
446,Q2619,Electricity & Magnetism,False
446,Q3627,Vocabulary,True
446,Q2062,Algebra,False
446,Q2109,Algebra,True
446,Q3299,Reading Comprehension,False
446,Q2858,Mechanics,True
446,Q2252,Algebra,False
446,Q2107,Trigonometry,True
446,Q2540,Algebra,False
446,Q2723,Inorganic,True
446,Q3547,Vocabulary,False
446,Q2917,Inorganic,True
446,Q2878,Mechanics,True
446,Q3553,Vocabulary,True
446,Q2733,Electricity & Magnetism,False
446,Q3089,Reading Comprehension,False
446,Q2499,Algebra,True
446,Q2865,Mechanics,True
446,Q3617,Vocabulary,False
447,Q3397,Vocabulary,False
447,Q2248,Algebra,True
447,Q3610,Vocabulary,True
447,Q3505,Vocabulary,False
447,Q2569,Algebra,True
447,Q3256,Reading Comprehension,True
447,Q2104,Algebra,True
447,Q2342,Algebra,False
447,Q2209,Algebra,False
447,Q3124,Reading Comprehension,True
447,Q3365,Vocabulary,False
447,Q3190,Reading Comprehension,True
447,Q2576,Algebra,True
447,Q3028,Waves & Optics,False
447,Q3677,Grammar,True
447,Q3274,Reading Comprehension,True
447,Q3684,Reading Comprehension,True
447,Q2333,Algebra,True
447,Q3604,Vocabulary,True
447,Q2083,Algebra,True
447,Q2038,Geometry,True
447,Q2170,Algebra,True
448,Q3025,Inorganic,True
448,Q2360,Algebra,False
448,Q3443,Vocabulary,False
448,Q3231,Reading Comprehension,True
448,Q2077,Algebra,True
448,Q2032,Statistics,False
448,Q3428,Vocabulary,False
448,Q3485,Vocabulary,True
448,Q2787,Inorganic,True
448,Q2110,Statistics,True
448,Q3365,Vocabulary,False
448,Q3601,Vocabulary,False
448,Q2799,Waves & Optics,True
448,Q2517,Algebra,False
448,Q2872,Mechanics,False
448,Q2447,Statistics,True
448,Q3490,Vocabulary,True
448,Q2986,Mechanics,False
448,Q2750,Modern Physics,True
449,Q2814,Inorganic,False
449,Q2518,Geometry,False
449,Q2379,Algebra,False
449,Q2426,Algebra,False
449,Q2234,Algebra,False
449,Q3018,Mechanics,True
449,Q2757,Inorganic,False
449,Q3255,Reading Comprehension,True
449,Q3108,Reading Comprehension,True
449,Q2420,Algebra,False
449,Q2104,Algebra,True
449,Q2999,Inorganic,False
449,Q3116,Reading Comprehension,True
449,Q2233,Statistics,True
449,Q3577,Vocabulary,True
449,Q3241,Reading Comprehension,True
449,Q2209,Algebra,True
449,Q2675,Inorganic,False
449,Q3447,Vocabulary,True
449,Q3396,Vocabulary,False
449,Q3071,Reading Comprehension,False
449,Q2588,Algebra,False
449,Q3450,Vocabulary,True
449,Q2355,Algebra,False
449,Q3096,Reading Comprehension,True
449,Q2808,Mechanics,False
449,Q2779,Physical Chemistry,True
450,Q3035,Inorganic,True
450,Q2664,Inorganic,False
450,Q3646,Grammar,True
450,Q3424,Vocabulary,True
450,Q3566,Vocabulary,True
450,Q2543,Algebra,True
450,Q3659,Algebra,False
450,Q2011,Geometry,False
450,Q3201,Reading Comprehension,False
450,Q2476,Algebra,True
450,Q3214,Reading Comprehension,True
450,Q3433,Vocabulary,False
450,Q2786,Waves & Optics,False
450,Q2404,Algebra,True
450,Q3135,Reading Comprehension,True
450,Q3657,Algebra,False
450,Q2281,Algebra,True
450,Q2263,Algebra,True
450,Q3652,Vocabulary,True
450,Q2873,Mechanics,True
450,Q3256,Reading Comprehension,False
450,Q2316,Algebra,True
450,Q3668,Trigonometry,False
450,Q2700,Mechanics,True
450,Q2206,Algebra,False
450,Q2133,Algebra,False
451,Q2464,Geometry,False
451,Q3487,Vocabulary,False
451,Q2947,Inorganic,True
451,Q3123,Reading Comprehension,False
451,Q2137,Statistics,False
451,Q3574,Vocabulary,False
451,Q2889,Inorganic,True
451,Q2874,Mechanics,False
451,Q3502,Vocabulary,False
451,Q2189,Algebra,False
451,Q2335,Algebra,False
451,Q3124,Reading Comprehension,True
451,Q2294,Algebra,False
451,Q2059,Statistics,True
451,Q2662,Inorganic,True
451,Q2557,Algebra,False
451,Q3118,Reading Comprehension,False
451,Q3531,Grammar,False
451,Q3587,Vocabulary,False
451,Q2539,Statistics,True
451,Q3678,Grammar,True
451,Q3613,Vocabulary,False
451,Q3097,Reading Comprehension,False
451,Q2749,Waves & Optics,True
451,Q2218,Statistics,True
452,Q3225,Reading Comprehension,True
452,Q2170,Algebra,True
452,Q2469,Algebra,True
452,Q2753,Inorganic,True
452,Q2856,Organic,False
452,Q3229,Reading Comprehension,False
452,Q2172,Statistics,False
452,Q3631,Vocabulary,False
452,Q2530,Algebra,True
452,Q2412,Algebra,True
452,Q2510,Statistics,True
452,Q2894,Mechanics,True
452,Q3594,Vocabulary,False
452,Q2140,Statistics,True
452,Q2508,Algebra,True
452,Q2617,Mechanics,True
452,Q2746,Mechanics,False
452,Q3123,Reading Comprehension,False
452,Q3275,Reading Comprehension,True
452,Q3251,Reading Comprehension,False
452,Q3398,Vocabulary,False
453,Q2190,Algebra,False
453,Q2587,Algebra,True
453,Q2970,Inorganic,False
453,Q2846,Mechanics,False
453,Q3417,Vocabulary,False
453,Q3560,Vocabulary,False
453,Q3473,Vocabulary,False
453,Q2862,Mechanics,False
453,Q2016,Statistics,False
453,Q3185,Reading Comprehension,True
453,Q2616,Inorganic,False
453,Q3300,Reading Comprehension,True
453,Q2219,Algebra,True
453,Q2147,Trigonometry,True
453,Q2930,Inorganic,False
454,Q3656,Algebra,True
454,Q2546,Algebra,True
454,Q2344,Algebra,True
454,Q3595,Vocabulary,True
454,Q2996,Mechanics,False
454,Q3051,Electricity & Magnetism,False
454,Q2295,Algebra,False
454,Q2072,Algebra,True
454,Q2014,Statistics,False
454,Q2584,Statistics,False
454,Q3500,Vocabulary,False
454,Q2689,Mechanics,False
454,Q2724,Waves & Optics,False
454,Q3529,Vocabulary,True
454,Q2708,Physical Chemistry,True
454,Q2756,Mechanics,False
454,Q3237,Reading Comprehension,True
454,Q3437,Vocabulary,True
454,Q3124,Reading Comprehension,True
454,Q2719,Inorganic,True
454,Q3501,Vocabulary,True
454,Q2357,Statistics,False
454,Q2292,Algebra,True
455,Q2878,Mechanics,True
455,Q2207,Statistics,True
455,Q3549,Vocabulary,False
455,Q3060,Reading Comprehension,False
455,Q3321,Vocabulary,False
455,Q3650,Vocabulary,True
455,Q3701,Electricity & Magnetism,False
455,Q2335,Algebra,False
455,Q2767,Mechanics,True
455,Q2358,Algebra,True
455,Q3671,Calculus,False
455,Q2030,Algebra,False
455,Q2029,Algebra,False
455,Q2026,Geometry,True
455,Q3227,Reading Comprehension,False
455,Q2775,Inorganic,True
455,Q3279,Reading Comprehension,False
455,Q2027,Statistics,False
455,Q2451,Algebra,False
455,Q2590,Algebra,False
456,Q3338,Grammar,True
456,Q2332,Algebra,False
456,Q2765,Inorganic,False
456,Q3187,Reading Comprehension,False
456,Q2547,Algebra,True
456,Q3235,Reading Comprehension,False
456,Q2262,Algebra,False
456,Q3080,Reading Comprehension,False
456,Q3403,Vocabulary,True
456,Q2888,Mechanics,True
456,Q2375,Statistics,False
456,Q2447,Statistics,False
456,Q2306,Algebra,True
456,Q2520,Algebra,False
456,Q3302,Reading Comprehension,False
456,Q3152,Reading Comprehension,False
456,Q3530,Vocabulary,False
456,Q3188,Reading Comprehension,False
456,Q3171,Reading Comprehension,False
456,Q2287,Algebra,True
456,Q2706,Inorganic,False
457,Q2582,Algebra,True
457,Q2714,Inorganic,True
457,Q3546,Grammar,True
457,Q3019,Inorganic,False
457,Q2737,Inorganic,False
457,Q3537,Grammar,True
457,Q2082,Algebra,True
457,Q3136,Reading Comprehension,True
457,Q3354,Vocabulary,False
457,Q3060,Reading Comprehension,True
457,Q3367,Vocabulary,False
457,Q3105,Reading Comprehension,True
457,Q2450,Algebra,True
457,Q3579,Vocabulary,False
457,Q2701,Inorganic,False
457,Q2773,Inorganic,False
457,Q3189,Reading Comprehension,True
457,Q3224,Reading Comprehension,True
457,Q2972,Inorganic,True
457,Q2008,Algebra,True
457,Q3229,Reading Comprehension,True
457,Q3499,Vocabulary,False
457,Q3316,Vocabulary,False
457,Q3307,Vocabulary,False
457,Q2270,Geometry,True
458,Q3452,Vocabulary,False
458,Q3264,Reading Comprehension,False
458,Q2112,Algebra,True
458,Q2302,Algebra,False
458,Q2006,Algebra,False
458,Q3660,Geometry,False
458,Q2169,Algebra,False
458,Q2599,Inorganic,False
458,Q2430,Algebra,True
458,Q2400,Algebra,True
458,Q2854,Mechanics,True
458,Q2224,Algebra,False
458,Q2406,Algebra,False
458,Q2949,Waves & Optics,True
458,Q2498,Algebra,False
458,Q2948,Inorganic,False
458,Q2852,Physical Chemistry,True
458,Q2878,Mechanics,False
458,Q2578,Geometry,False
458,Q3027,Physical Chemistry,True
458,Q2096,Algebra,True
458,Q2273,Algebra,True
459,Q2824,Waves & Optics,True
459,Q3453,Vocabulary,True
459,Q3546,Grammar,False
459,Q2101,Algebra,False
459,Q2329,Geometry,False
459,Q2242,Algebra,False
459,Q2827,Inorganic,True
459,Q2540,Algebra,False
459,Q2024,Statistics,True
459,Q2303,Algebra,True
459,Q2803,Mechanics,False
459,Q2938,Inorganic,True
459,Q3205,Reading Comprehension,False
459,Q3691,Writing,True
459,Q2435,Algebra,False
459,Q3698,Mechanics,False
459,Q2553,Algebra,False
459,Q3328,Vocabulary,False
459,Q2470,Algebra,False
459,Q2280,Algebra,False
459,Q3111,Reading Comprehension,False
459,Q3589,Grammar,False
460,Q2014,Statistics,False
460,Q3274,Reading Comprehension,True
460,Q2076,Algebra,True
460,Q3349,Vocabulary,True
460,Q3287,Reading Comprehension,True
460,Q3012,Mechanics,True
460,Q2792,Inorganic,False
460,Q3624,Vocabulary,True
460,Q2549,Statistics,True
460,Q2325,Geometry,False
460,Q2293,Algebra,True
460,Q2929,Electricity & Magnetism,False
460,Q2049,Trigonometry,False
460,Q2791,Inorganic,True
460,Q2790,Inorganic,False
460,Q2087,Statistics,False
460,Q3304,Vocabulary,True
460,Q2766,Waves & Optics,True
460,Q2934,Inorganic,False
460,Q3364,Vocabulary,True
460,Q2475,Algebra,True
460,Q2509,Algebra,True
460,Q3663,Geometry,False
460,Q3098,Reading Comprehension,False
460,Q3150,Reading Comprehension,True
460,Q2886,Inorganic,True
460,Q2665,Waves & Optics,True
461,Q2024,Statistics,True
461,Q2865,Mechanics,True
461,Q3384,Vocabulary,False
461,Q3055,Electricity & Magnetism,False
461,Q3224,Reading Comprehension,True
461,Q2307,Algebra,True
461,Q2481,Algebra,True
461,Q2058,Algebra,True
461,Q3182,Reading Comprehension,False
461,Q3095,Reading Comprehension,True
461,Q2247,Algebra,True
461,Q3230,Reading Comprehension,True
461,Q3267,Reading Comprehension,True
461,Q2308,Geometry,False
461,Q3328,Vocabulary,False
461,Q2394,Statistics,True
462,Q2197,Algebra,True
462,Q2868,Inorganic,False
462,Q2577,Algebra,True
462,Q2125,Geometry,True
462,Q3126,Reading Comprehension,True
462,Q2552,Statistics,True
462,Q3530,Vocabulary,True
462,Q2374,Statistics,True
462,Q2740,Inorganic,True
462,Q2926,Electricity & Magnetism,False
462,Q2903,Mechanics,True
462,Q2598,Electricity & Magnetism,False
462,Q2452,Algebra,False
462,Q2808,Mechanics,True
462,Q3090,Reading Comprehension,True
462,Q2014,Statistics,True
462,Q3676,Statistics,True
462,Q2687,Mechanics,True
462,Q3666,Trigonometry,True
463,Q3434,Vocabulary,False
463,Q2822,Inorganic,False
463,Q3114,Reading Comprehension,True
463,Q2906,Inorganic,True
463,Q2720,Inorganic,True
463,Q3124,Reading Comprehension,True
463,Q2551,Statistics,False
463,Q3526,Vocabulary,True
463,Q2637,Inorganic,True
463,Q3458,Vocabulary,True
463,Q2045,Algebra,False
463,Q3541,Vocabulary,True
463,Q3611,Vocabulary,True
463,Q3539,Vocabulary,False
463,Q2998,Inorganic,False
463,Q2641,Inorganic,False
463,Q2497,Algebra,False
463,Q3013,Inorganic,True
463,Q3523,Vocabulary,False
463,Q3001,Mechanics,True
463,Q3460,Grammar,True
464,Q3107,Reading Comprehension,False
464,Q2267,Algebra,False
464,Q2100,Statistics,False
464,Q2454,Algebra,True
464,Q2501,Algebra,True
464,Q3183,Reading Comprehension,True
464,Q3141,Reading Comprehension,False
464,Q2557,Algebra,False
464,Q2648,Modern Physics,False
464,Q2339,Algebra,True
464,Q3605,Vocabulary,False
464,Q3470,Vocabulary,False
464,Q3203,Reading Comprehension,True
464,Q2384,Algebra,False
464,Q2444,Geometry,False
464,Q3435,Vocabulary,False
464,Q2009,Geometry,False
465,Q2901,Waves & Optics,False
465,Q2213,Algebra,False
465,Q2875,Waves & Optics,False
465,Q3187,Reading Comprehension,True
465,Q2574,Algebra,True
465,Q2125,Geometry,True
465,Q2092,Statistics,False
465,Q3437,Vocabulary,True
465,Q2466,Statistics,False
465,Q3523,Vocabulary,True
465,Q2138,Statistics,False
465,Q3060,Reading Comprehension,True
465,Q2668,Waves & Optics,False
465,Q2239,Statistics,False
465,Q2998,Inorganic,True
465,Q2022,Geometry,True
465,Q2374,Statistics,False
465,Q2215,Trigonometry,True
465,Q2067,Algebra,False
465,Q2441,Algebra,False
465,Q2399,Statistics,True
465,Q2769,Waves & Optics,False
465,Q3374,Vocabulary,True
465,Q2201,Algebra,True
465,Q2642,Mechanics,False
465,Q3251,Reading Comprehension,False
466,Q3663,Geometry,True
466,Q2342,Algebra,True
466,Q2602,Mechanics,False
466,Q3418,Vocabulary,True
466,Q2362,Algebra,True
466,Q2712,Inorganic,False
466,Q2210,Algebra,True
466,Q3089,Reading Comprehension,False
466,Q2777,Inorganic,False
466,Q2931,Mechanics,True
466,Q2436,Geometry,True
466,Q2268,Algebra,True
466,Q3117,Reading Comprehension,False
466,Q2032,Statistics,True
466,Q2633,Inorganic,False
466,Q2173,Algebra,True
466,Q3008,Waves & Optics,False
466,Q2647,Waves & Optics,True
466,Q2618,Waves & Optics,True
466,Q2651,Mechanics,False
466,Q2201,Algebra,True
466,Q3594,Vocabulary,True
466,Q3102,Reading Comprehension,False
467,Q3178,Reading Comprehension,False
467,Q2292,Algebra,False
467,Q2501,Algebra,True
467,Q2843,Electricity & Magnetism,False
467,Q3061,Reading Comprehension,False
467,Q2259,Algebra,True
467,Q2356,Algebra,True
467,Q2119,Algebra,False
467,Q3411,Vocabulary,True
467,Q2519,Algebra,False
467,Q3480,Vocabulary,True
467,Q3467,Vocabulary,True
467,Q3614,Vocabulary,False
467,Q3717,Inorganic,False
467,Q3589,Grammar,False
468,Q3177,Reading Comprehension,False
468,Q3261,Reading Comprehension,True
468,Q3011,Mechanics,False
468,Q2516,Algebra,True
468,Q2352,Algebra,False
468,Q2799,Waves & Optics,True
468,Q2571,Algebra,True
468,Q2156,Algebra,True
468,Q2753,Inorganic,False
468,Q2496,Algebra,False
468,Q2262,Algebra,False
468,Q2921,Inorganic,False
468,Q2728,Physical Chemistry,True
468,Q2030,Algebra,True
468,Q2145,Algebra,True
468,Q3546,Grammar,True
468,Q3036,Mechanics,True
468,Q2139,Algebra,True
469,Q3272,Reading Comprehension,False
469,Q3449,Vocabulary,True
469,Q2855,Waves & Optics,False
469,Q2130,Geometry,True
469,Q2346,Algebra,False
469,Q2439,Algebra,False
469,Q3364,Vocabulary,True
469,Q3187,Reading Comprehension,False
469,Q3320,Vocabulary,True
469,Q2795,Mechanics,False
469,Q2479,Statistics,False
469,Q2044,Algebra,True
469,Q3300,Reading Comprehension,False
469,Q3551,Vocabulary,True
469,Q2380,Statistics,False
469,Q2529,Algebra,False
469,Q3282,Reading Comprehension,False
470,Q2815,Inorganic,False
470,Q2557,Algebra,False
470,Q2553,Algebra,True
470,Q3083,Reading Comprehension,False
470,Q3464,Vocabulary,True
470,Q2017,Statistics,False
470,Q2052,Algebra,True
470,Q2483,Algebra,False
470,Q2930,Inorganic,True
470,Q2351,Statistics,False
470,Q2471,Algebra,False
470,Q3721,Physical Chemistry,True
470,Q3426,Grammar,True
470,Q2388,Algebra,False
470,Q2805,Inorganic,True
470,Q2541,Geometry,False
470,Q3227,Reading Comprehension,False
470,Q2452,Algebra,False
471,Q3667,Trigonometry,False
471,Q3405,Vocabulary,True
471,Q2193,Geometry,True
471,Q3641,Vocabulary,True
471,Q3385,Vocabulary,True
471,Q2589,Geometry,False
471,Q2089,Statistics,True
471,Q3082,Reading Comprehension,False
471,Q2690,Inorganic,False
471,Q3077,Reading Comprehension,True
471,Q3281,Reading Comprehension,True
471,Q2397,Algebra,False
471,Q2951,Electricity & Magnetism,False
471,Q2158,Algebra,False
471,Q3419,Vocabulary,True
471,Q3606,Grammar,True
471,Q3693,Writing,False
471,Q2296,Statistics,True
471,Q2439,Algebra,True
471,Q2381,Statistics,True
471,Q2759,Organic,True
471,Q2187,Statistics,False
471,Q2817,Inorganic,False
471,Q3353,Vocabulary,True
471,Q3238,Reading Comprehension,False
471,Q2770,Inorganic,False
471,Q2546,Algebra,True
471,Q3552,Vocabulary,True
471,Q3561,Vocabulary,True
472,Q2202,Algebra,True
472,Q3236,Reading Comprehension,True
472,Q2875,Waves & Optics,False
472,Q3365,Vocabulary,False
472,Q3274,Reading Comprehension,True
472,Q3093,Reading Comprehension,True
472,Q3648,Vocabulary,False
472,Q2324,Algebra,True
472,Q3018,Mechanics,True
472,Q2376,Algebra,True
472,Q2066,Statistics,False
472,Q3307,Vocabulary,True
472,Q2791,Inorganic,False
472,Q2741,Inorganic,False
472,Q2082,Algebra,True
472,Q2350,Algebra,True
472,Q3611,Vocabulary,False
472,Q2442,Algebra,True
472,Q3435,Vocabulary,False
472,Q2974,Mechanics,True
472,Q2403,Algebra,True
472,Q2003,Algebra,True
472,Q2601,Mechanics,True
472,Q2823,Inorganic,False
472,Q3042,Waves & Optics,False
472,Q2946,Electricity & Magnetism,False
472,Q2854,Mechanics,True
473,Q3639,Vocabulary,False
473,Q3473,Vocabulary,False
473,Q2536,Algebra,False
473,Q3481,Vocabulary,False
473,Q3640,Vocabulary,False
473,Q2386,Statistics,False
473,Q2544,Algebra,False
473,Q2722,Waves & Optics,False
473,Q3040,Physical Chemistry,False
473,Q2735,Mechanics,True
473,Q2105,Statistics,False
473,Q2510,Statistics,False
473,Q3465,Vocabulary,False
473,Q2436,Geometry,False
473,Q2740,Inorganic,False
473,Q2952,Mechanics,False
473,Q2111,Algebra,False
473,Q3557,Grammar,True
473,Q3249,Reading Comprehension,False
473,Q3063,Reading Comprehension,False
473,Q3479,Grammar,True
473,Q2650,Mechanics,False
474,Q2010,Algebra,True
474,Q2023,Algebra,True
474,Q3337,Vocabulary,False
474,Q2699,Waves & Optics,True
474,Q3701,Electricity & Magnetism,False
474,Q2541,Geometry,False
474,Q3671,Calculus,True
474,Q2611,Physical Chemistry,True
474,Q3288,Reading Comprehension,False
474,Q3039,Inorganic,True
474,Q3646,Grammar,False
474,Q2162,Algebra,True
474,Q2138,Statistics,False
474,Q3063,Reading Comprehension,True
474,Q3169,Reading Comprehension,True
474,Q3194,Reading Comprehension,True
474,Q2733,Electricity & Magnetism,False
474,Q2900,Waves & Optics,True
475,Q2366,Algebra,True
475,Q2090,Algebra,True
475,Q3426,Grammar,False
475,Q3086,Reading Comprehension,True
475,Q3237,Reading Comprehension,False
475,Q2018,Statistics,True
475,Q2388,Algebra,True
475,Q3193,Reading Comprehension,True
475,Q2441,Algebra,True
475,Q2316,Algebra,True
475,Q3308,Vocabulary,True
475,Q2902,Inorganic,False
475,Q2870,Waves & Optics,False
475,Q2741,Inorganic,False
475,Q3636,Grammar,True
475,Q2123,Algebra,True
475,Q2586,Statistics,False
475,Q3110,Reading Comprehension,True
475,Q2519,Algebra,True
475,Q3634,Vocabulary,True
475,Q2662,Inorganic,True
475,Q3409,Vocabulary,True
475,Q3553,Vocabulary,True
475,Q2549,Statistics,False
475,Q2371,Statistics,True
475,Q3449,Vocabulary,True
475,Q3616,Vocabulary,False
475,Q3394,Vocabulary,True
476,Q2403,Algebra,True
476,Q2086,Algebra,True
476,Q2051,Algebra,True
476,Q3541,Vocabulary,False
476,Q2738,Inorganic,False
476,Q2758,Inorganic,False
476,Q2151,Algebra,True
476,Q3035,Inorganic,True
476,Q2881,Mechanics,True
476,Q3384,Vocabulary,False
476,Q2189,Algebra,True
476,Q3097,Reading Comprehension,True
476,Q2716,Modern Physics,False
476,Q2985,Inorganic,False
476,Q2965,Inorganic,False
476,Q3424,Vocabulary,False
476,Q2139,Algebra,True
476,Q2679,Mechanics,False
476,Q3107,Reading Comprehension,True
476,Q2667,Waves & Optics,True
476,Q3391,Vocabulary,True
476,Q3425,Vocabulary,False
476,Q2446,Algebra,True
476,Q2484,Algebra,False
476,Q3637,Vocabulary,False
476,Q3698,Mechanics,True
477,Q3045,Inorganic,True
477,Q2555,Algebra,False
477,Q2353,Algebra,True
477,Q2232,Algebra,False
477,Q3325,Vocabulary,False
477,Q2738,Inorganic,True
477,Q2946,Electricity & Magnetism,False
477,Q3555,Vocabulary,False
477,Q3526,Vocabulary,False
477,Q3143,Reading Comprehension,False
477,Q3220,Reading Comprehension,False
477,Q3636,Grammar,False
477,Q3114,Reading Comprehension,False
477,Q3101,Reading Comprehension,False
477,Q3693,Writing,True
477,Q3379,Vocabulary,False
477,Q2222,Algebra,False
477,Q2667,Waves & Optics,False
477,Q3074,Reading Comprehension,False
477,Q2503,Algebra,False
477,Q2697,Mechanics,False
477,Q2581,Algebra,False
478,Q3152,Reading Comprehension,True
478,Q2619,Electricity & Magnetism,False
478,Q2021,Algebra,True
478,Q3543,Vocabulary,False
478,Q2432,Algebra,False
478,Q3209,Reading Comprehension,True
478,Q3419,Vocabulary,False
478,Q3360,Vocabulary,False
478,Q3323,Grammar,False
478,Q2296,Statistics,False
478,Q2373,Statistics,False
478,Q3251,Reading Comprehension,True
478,Q2169,Algebra,False
478,Q2300,Algebra,False
478,Q2104,Algebra,False
478,Q2210,Algebra,False
478,Q3280,Reading Comprehension,True
478,Q2404,Algebra,True
479,Q3628,Grammar,False
479,Q2842,Inorganic,False
479,Q3318,Vocabulary,False
479,Q2015,Algebra,False
479,Q2061,Algebra,False
479,Q3046,Inorganic,False
479,Q2095,Algebra,True
479,Q2971,Inorganic,False
479,Q2074,Statistics,False
479,Q3232,Reading Comprehension,False
479,Q2306,Algebra,False
479,Q3596,Vocabulary,False
479,Q2361,Statistics,False
479,Q2273,Algebra,False
479,Q2402,Algebra,False
479,Q2097,Geometry,True
479,Q2890,Inorganic,True
479,Q2650,Mechanics,False
479,Q3617,Vocabulary,False
479,Q2579,Statistics,False
479,Q2019,Algebra,False
479,Q3071,Reading Comprehension,True
479,Q2554,Algebra,False
479,Q2675,Inorganic,False
479,Q2144,Algebra,True
479,Q3215,Reading Comprehension,True
479,Q2891,Waves & Optics,True
479,Q2440,Algebra,True
479,Q3102,Reading Comprehension,True
480,Q2972,Inorganic,False
480,Q3004,Inorganic,False
480,Q2044,Algebra,False
480,Q2118,Trigonometry,True
480,Q2107,Trigonometry,True
480,Q2381,Statistics,True
480,Q2358,Algebra,False
480,Q3564,Vocabulary,True
480,Q2679,Mechanics,True
480,Q3167,Reading Comprehension,True
480,Q3229,Reading Comprehension,False
480,Q2023,Algebra,True
480,Q2491,Algebra,False
480,Q3537,Grammar,True
480,Q2808,Mechanics,True
480,Q3467,Vocabulary,True
480,Q3698,Mechanics,True
480,Q2638,Waves & Optics,True
480,Q3176,Reading Comprehension,True
480,Q2803,Mechanics,True
480,Q2597,Mechanics,False
480,Q2316,Algebra,False
480,Q3613,Vocabulary,True
480,Q3648,Vocabulary,True
480,Q3146,Reading Comprehension,True
480,Q2643,Modern Physics,False
480,Q3135,Reading Comprehension,True
481,Q2634,Waves & Optics,False
481,Q2727,Waves & Optics,False
481,Q2693,Mechanics,False
481,Q2632,Electricity & Magnetism,False
481,Q2798,Inorganic,False
481,Q3399,Vocabulary,True
481,Q2826,Inorganic,True
481,Q2309,Algebra,False
481,Q3168,Reading Comprehension,False
481,Q2567,Statistics,False
481,Q2729,Mechanics,False
481,Q2658,Inorganic,False
481,Q2486,Algebra,True
481,Q2546,Algebra,True
481,Q2168,Statistics,False
481,Q2620,Mechanics,False
481,Q3088,Reading Comprehension,True
481,Q2812,Inorganic,False
481,Q2565,Statistics,False
481,Q2753,Inorganic,False
481,Q3302,Reading Comprehension,True
481,Q2796,Mechanics,False
481,Q3451,Vocabulary,True
481,Q3044,Waves & Optics,False
481,Q3605,Vocabulary,True
481,Q2511,Algebra,False
481,Q2866,Inorganic,True
481,Q2216,Statistics,False
482,Q2872,Mechanics,True
482,Q3201,Reading Comprehension,False
482,Q2712,Inorganic,True
482,Q2605,Electricity & Magnetism,False
482,Q2245,Algebra,True
482,Q2898,Waves & Optics,True
482,Q3310,Vocabulary,False
482,Q2222,Algebra,True
482,Q3075,Reading Comprehension,False
482,Q2789,Inorganic,True
482,Q3722,Physical Chemistry,True
482,Q2874,Mechanics,True
482,Q2806,Mechanics,True
482,Q3536,Vocabulary,False
482,Q3500,Vocabulary,False
482,Q2303,Algebra,False
482,Q3615,Vocabulary,False
482,Q3607,Vocabulary,False
483,Q2395,Algebra,True
483,Q2488,Algebra,True
483,Q3144,Reading Comprehension,False
483,Q2244,Algebra,False
483,Q2148,Algebra,True
483,Q3252,Reading Comprehension,True
483,Q3628,Grammar,False
483,Q2546,Algebra,False
483,Q2596,Mechanics,False
483,Q2581,Algebra,True
483,Q2177,Algebra,False
483,Q2076,Algebra,False
483,Q3167,Reading Comprehension,True
483,Q3320,Vocabulary,True
483,Q2447,Statistics,False
483,Q2080,Statistics,False
483,Q3514,Vocabulary,True
484,Q2533,Algebra,False
484,Q2244,Algebra,False
484,Q2924,Waves & Optics,False
484,Q2209,Algebra,True
484,Q2434,Algebra,True
484,Q2941,Electricity & Magnetism,True
484,Q3216,Reading Comprehension,True
484,Q3380,Vocabulary,True
484,Q2408,Statistics,False
484,Q2802,Mechanics,False
484,Q2235,Algebra,False
484,Q2878,Mechanics,False
484,Q3559,Vocabulary,True
484,Q3065,Reading Comprehension,True
484,Q3032,Inorganic,False
484,Q3437,Vocabulary,True
484,Q2883,Waves & Optics,False
484,Q2616,Inorganic,True
485,Q3427,Vocabulary,False
485,Q3475,Vocabulary,False
485,Q3134,Reading Comprehension,True
485,Q2827,Inorganic,False
485,Q2723,Inorganic,False
485,Q2357,Statistics,False
485,Q2193,Geometry,True
485,Q3047,Inorganic,False
485,Q3041,Electricity & Magnetism,True
485,Q3146,Reading Comprehension,False
485,Q3143,Reading Comprehension,True
485,Q2354,Algebra,True
485,Q3386,Vocabulary,False
485,Q2360,Algebra,True
485,Q2090,Algebra,True
485,Q3303,Reading Comprehension,False
485,Q3571,Vocabulary,True
485,Q3447,Vocabulary,True
486,Q2655,Inorganic,False
486,Q3089,Reading Comprehension,True
486,Q2773,Inorganic,False
486,Q2275,Trigonometry,False
486,Q3593,Vocabulary,False
486,Q3579,Vocabulary,False
486,Q2710,Inorganic,False
486,Q3017,Waves & Optics,False
486,Q3205,Reading Comprehension,True
486,Q2883,Waves & Optics,False
486,Q3179,Reading Comprehension,True
486,Q3626,Grammar,True
486,Q3176,Reading Comprehension,True
486,Q2887,Inorganic,False
486,Q2048,Algebra,False
486,Q2235,Algebra,False
486,Q2281,Algebra,False
486,Q3059,Reading Comprehension,False
486,Q3688,Vocabulary,False
487,Q2151,Algebra,False
487,Q2715,Inorganic,False
487,Q2591,Algebra,False
487,Q3326,Vocabulary,True
487,Q2884,Inorganic,False
487,Q3374,Vocabulary,True
487,Q2378,Statistics,False
487,Q2257,Statistics,True
487,Q3687,Vocabulary,False
487,Q2408,Statistics,True
487,Q3045,Inorganic,True
487,Q3402,Vocabulary,True
487,Q2532,Algebra,False
487,Q2499,Algebra,False
487,Q2885,Waves & Optics,True
487,Q2473,Statistics,True
487,Q3278,Reading Comprehension,True
488,Q3493,Vocabulary,False
488,Q3370,Vocabulary,True
488,Q2286,Statistics,False
488,Q2509,Algebra,False
488,Q2347,Statistics,True
488,Q3224,Reading Comprehension,False
488,Q3362,Grammar,True
488,Q3459,Vocabulary,False
488,Q2545,Statistics,True
488,Q2066,Statistics,False
488,Q3691,Writing,True
488,Q2721,Inorganic,False
488,Q2903,Mechanics,True
488,Q2804,Mechanics,True
488,Q3657,Algebra,False
488,Q2890,Inorganic,True
488,Q3273,Reading Comprehension,False
488,Q2951,Electricity & Magnetism,False
488,Q2243,Statistics,False
488,Q2986,Mechanics,True
488,Q3405,Vocabulary,False
488,Q2248,Algebra,False
489,Q2448,Algebra,False
489,Q2928,Mechanics,True
489,Q3207,Reading Comprehension,False
489,Q2464,Geometry,False
489,Q2329,Geometry,True
489,Q2923,Waves & Optics,False
489,Q2827,Inorganic,False
489,Q3397,Vocabulary,False
489,Q3521,Vocabulary,False
489,Q2986,Mechanics,False
489,Q2191,Statistics,False
489,Q2140,Statistics,False
489,Q3251,Reading Comprehension,False
489,Q2339,Algebra,False
489,Q2557,Algebra,True
489,Q3600,Vocabulary,False
489,Q2677,Waves & Optics,False
489,Q2873,Mechanics,False
489,Q2460,Algebra,False
489,Q3674,Statistics,False
490,Q2878,Mechanics,False
490,Q3287,Reading Comprehension,False
490,Q2337,Geometry,False
490,Q3510,Vocabulary,True
490,Q2956,Inorganic,False
490,Q2706,Inorganic,False
490,Q3057,Reading Comprehension,False
490,Q2603,Mechanics,True
490,Q3088,Reading Comprehension,False
490,Q3640,Vocabulary,True
490,Q3357,Grammar,False
490,Q2324,Algebra,False
490,Q2060,Algebra,True
490,Q2255,Statistics,True
490,Q3348,Grammar,False
490,Q2389,Algebra,True
490,Q3518,Vocabulary,True
490,Q2156,Algebra,False
491,Q2641,Inorganic,False
491,Q3137,Reading Comprehension,True
491,Q3368,Vocabulary,False
491,Q2495,Algebra,False
491,Q2800,Inorganic,False
491,Q2450,Algebra,True
491,Q2345,Algebra,True
491,Q3062,Reading Comprehension,True
491,Q3474,Grammar,False
491,Q2463,Algebra,True
491,Q2203,Algebra,True
491,Q3709,Modern Physics,False
491,Q3286,Reading Comprehension,False
491,Q2788,Inorganic,False
491,Q2052,Algebra,True
491,Q3563,Vocabulary,False
491,Q2277,Trigonometry,True
492,Q3279,Reading Comprehension,True
492,Q2115,Algebra,False
492,Q3146,Reading Comprehension,False
492,Q3269,Reading Comprehension,False
492,Q2686,Mechanics,True
492,Q2230,Algebra,False
492,Q2546,Algebra,False
492,Q2645,Inorganic,True
492,Q2886,Inorganic,False
492,Q3457,Vocabulary,False
492,Q2696,Inorganic,False
492,Q2914,Inorganic,True
492,Q2544,Algebra,False
492,Q3265,Reading Comprehension,False
492,Q2325,Geometry,True
492,Q2067,Algebra,False
492,Q3524,Vocabulary,False
492,Q2142,Algebra,False
492,Q2871,Mechanics,True
492,Q3233,Reading Comprehension,False
492,Q2766,Waves & Optics,False
492,Q2837,Inorganic,False
492,Q2419,Algebra,False
492,Q2149,Statistics,False
492,Q3273,Reading Comprehension,False
492,Q2167,Algebra,False
493,Q2792,Inorganic,False
493,Q3217,Reading Comprehension,True
493,Q3479,Grammar,False
493,Q2206,Algebra,False
493,Q3673,Statistics,True
493,Q2583,Algebra,False
493,Q2498,Algebra,False
493,Q2362,Algebra,False
493,Q2444,Geometry,True
493,Q2234,Algebra,False
493,Q3585,Vocabulary,False
493,Q2648,Modern Physics,False
493,Q2852,Physical Chemistry,True
493,Q2172,Statistics,False
493,Q2930,Inorganic,False
493,Q2035,Statistics,False
493,Q3460,Grammar,False
493,Q2948,Inorganic,True
493,Q2272,Algebra,False
493,Q2081,Algebra,False
493,Q2915,Mechanics,True
493,Q3694,Mechanics,True
494,Q3432,Vocabulary,True
494,Q3195,Reading Comprehension,False
494,Q3535,Vocabulary,True
494,Q3101,Reading Comprehension,False
494,Q3707,Modern Physics,False
494,Q2765,Inorganic,True
494,Q2065,Algebra,False
494,Q3090,Reading Comprehension,False
494,Q2197,Algebra,False
494,Q3379,Vocabulary,True
494,Q3422,Vocabulary,True
494,Q3246,Reading Comprehension,False
494,Q2703,Inorganic,True
494,Q3067,Reading Comprehension,False
494,Q3702,Electricity & Magnetism,False
494,Q2585,Algebra,False
494,Q2320,Algebra,False
494,Q2780,Inorganic,True
494,Q3043,Inorganic,True
494,Q2687,Mechanics,False
494,Q2539,Statistics,True
494,Q2517,Algebra,False
494,Q2888,Mechanics,True
495,Q2618,Waves & Optics,False
495,Q3217,Reading Comprehension,False
495,Q2914,Inorganic,False
495,Q2224,Algebra,True
495,Q3311,Vocabulary,False
495,Q2985,Inorganic,True
495,Q2270,Geometry,True
495,Q3488,Vocabulary,False
495,Q2785,Inorganic,False
495,Q2562,Algebra,True
495,Q3149,Reading Comprehension,False
495,Q2777,Inorganic,True
495,Q3120,Reading Comprehension,True
495,Q2565,Statistics,False
495,Q2728,Physical Chemistry,True
495,Q2399,Statistics,True
495,Q3287,Reading Comprehension,False
495,Q2951,Electricity & Magnetism,False
495,Q2010,Algebra,True
495,Q3018,Mechanics,False
495,Q3643,Vocabulary,False
495,Q3013,Inorganic,True
496,Q2656,Electricity & Magnetism,False
496,Q2254,Algebra,False
496,Q2225,Statistics,False
496,Q3448,Vocabulary,False
496,Q3499,Vocabulary,False
496,Q3545,Vocabulary,False
496,Q3282,Reading Comprehension,False
496,Q2918,Waves & Optics,False
496,Q2498,Algebra,False
496,Q3275,Reading Comprehension,True
496,Q3028,Waves & Optics,False
496,Q3155,Reading Comprehension,False
496,Q2986,Mechanics,True
496,Q2989,Mechanics,False
496,Q2869,Waves & Optics,False
496,Q2033,Statistics,True
496,Q3550,Vocabulary,False
496,Q3453,Vocabulary,True
496,Q3187,Reading Comprehension,False
496,Q3643,Vocabulary,True
497,Q3283,Reading Comprehension,False
497,Q2558,Algebra,False
497,Q3362,Grammar,True
497,Q2568,Algebra,False
497,Q3524,Vocabulary,True
497,Q2107,Trigonometry,True
497,Q2660,Inorganic,True
497,Q3111,Reading Comprehension,True
497,Q2099,Algebra,False
497,Q2672,Inorganic,True
497,Q3486,Vocabulary,True
497,Q2829,Inorganic,True
497,Q2587,Algebra,False
497,Q3721,Physical Chemistry,False
497,Q3560,Vocabulary,False
497,Q3463,Grammar,True
497,Q2305,Statistics,True
497,Q2593,Statistics,True
497,Q2901,Waves & Optics,True
497,Q3045,Inorganic,True
497,Q3109,Reading Comprehension,True
497,Q2121,Statistics,True
497,Q2798,Inorganic,True
497,Q2515,Algebra,False
497,Q2897,Inorganic,True
497,Q3681,Grammar,True
498,Q2612,Mechanics,True
498,Q2124,Algebra,True
498,Q3560,Vocabulary,True
498,Q3513,Vocabulary,False
498,Q3474,Grammar,True
498,Q2643,Modern Physics,True
498,Q3532,Vocabulary,False
498,Q2834,Mechanics,True
498,Q2160,Algebra,True
498,Q2820,Mechanics,True
498,Q2086,Algebra,True
498,Q3328,Vocabulary,False
498,Q2078,Statistics,False
498,Q2420,Algebra,True
498,Q2381,Statistics,False
498,Q3310,Vocabulary,True
498,Q2342,Algebra,True
498,Q3427,Vocabulary,False
498,Q2694,Inorganic,True
498,Q2040,Statistics,False
498,Q3045,Inorganic,False
498,Q3401,Vocabulary,True
498,Q2584,Statistics,True
498,Q2429,Algebra,True
498,Q3274,Reading Comprehension,True
498,Q3345,Vocabulary,False
498,Q3227,Reading Comprehension,True
498,Q2712,Inorganic,False
499,Q2941,Electricity & Magnetism,False
499,Q2429,Algebra,False
499,Q2739,Inorganic,True
499,Q2828,Inorganic,False
499,Q3264,Reading Comprehension,True
499,Q2720,Inorganic,False
499,Q3637,Vocabulary,True
499,Q2387,Statistics,False
499,Q3164,Reading Comprehension,True
499,Q3075,Reading Comprehension,True
499,Q2306,Algebra,False
499,Q2178,Algebra,False
499,Q2910,Inorganic,False
499,Q2604,Inorganic,False
499,Q2432,Algebra,True
499,Q2052,Algebra,False
499,Q2021,Algebra,False
499,Q2095,Algebra,False
499,Q3206,Reading Comprehension,True
499,Q2439,Algebra,False
499,Q2807,Mechanics,False
